Image,Class,GT_Box,ImagePath
00002290_001.png,Effusion,"[130.031746031746, 358.6708994708995, 161.99788359788354, 382.510052910053]",datasets/chestxray8/val/images/00002290_001.png
00026398_000.png,Effusion,"[182.0444444444445, 132.740740740741, 206.42539682539692, 156.03809523809548]",datasets/chestxray8/val/images/00026398_000.png
00029579_014.png,Mass,"[50.9155555555555, 260.1434114583335, 69.11999999999995, 322.15230034722254]",datasets/chestxray8/val/images/00029579_014.png
00013977_005.png,Cardiomegaly,"[390.637037037037, 392.262433862434, 452.9439153439155, 482.7428571428575]",datasets/chestxray8/val/images/00013977_005.png
00017137_016.png,Mass,"[85.048888888889, 73.547855902778, 228.977777777778, 311.3434114583335]",datasets/chestxray8/val/images/00017137_016.png
00011151_004.png,Effusion,"[165.831111111111, 103.698967013889, 353.56444444444446, 286.3123003472225]",datasets/chestxray8/val/images/00011151_004.png
00021420_020.png,Effusion,"[83.437037037037, 345.125925925926, 129.48994708994707, 390.6370370370371]",datasets/chestxray8/val/images/00021420_020.png
00016487_002.png,Effusion,"[320.2031746031745, 346.209523809524, 364.08888888888885, 385.7608465608468]",datasets/chestxray8/val/images/00016487_002.png
00019399_010.png,Cardiomegaly,"[391.720634920635, 301.24021164021144, 458.36190476190507, 425.853968253968]",datasets/chestxray8/val/images/00019399_010.png
00001555_002.png,Effusion,"[307.2, 404.1820105820105, 344.58412698412695, 442.1079365079365]",datasets/chestxray8/val/images/00001555_002.png
00002106_000.png,Effusion,"[162.9866666666665, 181.6367447916665, 188.0177777777776, 207.8056336805554]",datasets/chestxray8/val/images/00002106_000.png
00026810_001.png,Cardiomegaly,"[383.1466666666665, 354.010078125, 442.87999999999994, 381.8856336805556]",datasets/chestxray8/val/images/00026810_001.png
00029579_005.png,Cardiomegaly,"[52.0533333333335, 262.418967013889, 65.70666666666685, 294.2767447916668]",datasets/chestxray8/val/images/00029579_005.png
00012622_016.png,Mass,"[381.968253968254, 83.978835978836, 422.6031746031746, 147.369312169312]",datasets/chestxray8/val/images/00012622_016.png
00019495_004.png,Infiltration,"[369.084745762712, 282.9830508474575, 443.9322033898305, 302.508474576271]",datasets/chestxray8/val/images/00019495_004.png
00016964_011.png,Cardiomegaly,"[364.942222222222, 276.641189236111, 411.022222222222, 306.2234114583332]",datasets/chestxray8/val/images/00016964_011.png
00019089_004.png,Infiltration,"[287.18644067796606, 312.813559322034, 409.2203389830505, 405.55932203389847]",datasets/chestxray8/val/images/00019089_004.png
00012376_010.png,Effusion,"[370.631111111111, 105.4056336805555, 433.208888888889, 317.03230034722196]",datasets/chestxray8/val/images/00012376_010.png
00026132_016.png,Effusion,"[350.5439153439155, 241.10052910052897, 390.6370370370372, 278.48465608465597]",datasets/chestxray8/val/images/00026132_016.png
00000865_006.png,Infiltration,"[419.5254237288135, 312.018082958157, 458.57627118644064, 332.08587956832645]",datasets/chestxray8/val/images/00000865_006.png
00018419_001.png,Infiltration,"[373.299470899471, 321.2867724867725, 431.2719576719579, 347.29312169312175]",datasets/chestxray8/val/images/00018419_001.png
00008005_004.png,Infiltration,"[318.1016949152545, 295.204523636123, 362.033898305085, 382.526557534428]",datasets/chestxray8/val/images/00008005_004.png
00015300_000.png,Effusion,"[107.8179894179895, 237.8497354497355, 146.28571428571433, 264.39788359788366]",datasets/chestxray8/val/images/00015300_000.png
00013750_016.png,Cardiomegaly,"[98.60740740740752, 91.02222222222201, 195.047619047619, 228.639153439153]",datasets/chestxray8/val/images/00013750_016.png
00029909_003.png,Mass,"[83.911111111111, 84.3567447916665, 200.53333333333302, 129.2989670138887]",datasets/chestxray8/val/images/00029909_003.png
00026196_001.png,Effusion,"[196.551111111111, 245.35230034722198, 238.0799999999999, 285.74341145833307]",datasets/chestxray8/val/images/00026196_001.png
