Image,Class,IoU,Confidence,PredBox,ImagePath,GT_Class
00009705_000.png,Infiltration,0.7011701946107781,0.00841522,"[199.600128, 167.79980799999998, 429.200384, 321.399808]",datasets/chestxray8/val/images/00009705_000.png,Atelectasis
00009705_000.png,Effusion,0.7301268094396466,0.00577927,"[204.8, 158.299904, 421.19987199999997, 327.99974399999996]",datasets/chestxray8/val/images/00009705_000.png,Atelectasis
00009705_000.png,Pneumonia,0.7011701946107781,0.00445938,"[199.600128, 167.79980799999998, 429.200384, 321.399808]",datasets/chestxray8/val/images/00009705_000.png,Atelectasis
00009705_000.png,Mass,0.7011701946107781,0.00383377,"[199.600128, 167.79980799999998, 429.200384, 321.399808]",datasets/chestxray8/val/images/00009705_000.png,Atelectasis
00009705_000.png,Emphysema,0.7011701946107781,0.00338936,"[199.600128, 167.79980799999998, 429.200384, 321.399808]",datasets/chestxray8/val/images/00009705_000.png,Atelectasis
00009705_000.png,Edema,0.7011701946107781,0.00301743,"[199.600128, 167.79980799999998, 429.200384, 321.399808]",datasets/chestxray8/val/images/00009705_000.png,Atelectasis
00009705_000.png,Nodule,0.7011701946107781,0.0025444,"[199.600128, 167.79980799999998, 429.200384, 321.399808]",datasets/chestxray8/val/images/00009705_000.png,Atelectasis
00009705_000.png,Cardiomegaly,0.7011701946107781,0.00248718,"[199.600128, 167.79980799999998, 429.200384, 321.399808]",datasets/chestxray8/val/images/00009705_000.png,Atelectasis
00009705_000.png,Hernia,0.7011701946107781,0.00238228,"[199.600128, 167.79980799999998, 429.200384, 321.399808]",datasets/chestxray8/val/images/00009705_000.png,Atelectasis
00009705_000.png,Pleural_Thickening,0.7011701946107781,0.0023365,"[199.600128, 167.79980799999998, 429.200384, 321.399808]",datasets/chestxray8/val/images/00009705_000.png,Atelectasis
00009705_000.png,Fibrosis,0.7011701946107781,0.00201607,"[199.600128, 167.79980799999998, 429.200384, 321.399808]",datasets/chestxray8/val/images/00009705_000.png,Atelectasis
00009705_000.png,Pneumothorax,0.7011701946107781,0.00200844,"[199.600128, 167.79980799999998, 429.200384, 321.399808]",datasets/chestxray8/val/images/00009705_000.png,Atelectasis
00009705_000.png,Consolidation,0.7011701946107781,0.00166702,"[199.600128, 167.79980799999998, 429.200384, 321.399808]",datasets/chestxray8/val/images/00009705_000.png,Atelectasis
00012048_007.png,Cardiomegaly,0.8012863030439217,0.00527954,"[145.700096, 186.29964800000002, 221.800192, 273.199872]",datasets/chestxray8/val/images/00012048_007.png,Effusion
00012048_007.png,Mass,0.8012863030439217,0.00408936,"[145.700096, 186.29964800000002, 221.800192, 273.199872]",datasets/chestxray8/val/images/00012048_007.png,Effusion
00012048_007.png,Infiltration,0.7375722445875418,0.00399017,"[145.000192, 186.599936, 228.600064, 274.200064]",datasets/chestxray8/val/images/00012048_007.png,Effusion
00012048_007.png,Fibrosis,0.8012863030439217,0.00105381,"[145.700096, 186.29964800000002, 221.800192, 273.199872]",datasets/chestxray8/val/images/00012048_007.png,Effusion
00012048_007.png,Pneumonia,0.8046065838367472,0.00104237,"[147.70022400000002, 189.200128, 222.4, 272.8]",datasets/chestxray8/val/images/00012048_007.png,Effusion
00029502_006.png,Cardiomegaly,0.6598382898330226,0.0108948,"[96.599808, 296.8, 229.399808, 364.399872]",datasets/chestxray8/val/images/00029502_006.png,Infiltration
00029502_006.png,Cardiomegaly,0.651036439045381,0.0039978,"[88.549888, 304.400128, 233.99987199999998, 398.800128]",datasets/chestxray8/val/images/00029502_006.png,Infiltration
00029502_006.png,Mass,0.6804971282566897,0.00133705,"[104.999936, 292.999936, 241.200128, 360.599808]",datasets/chestxray8/val/images/00029502_006.png,Infiltration
00029502_006.png,Atelectasis,0.6804971282566897,0.00121498,"[104.999936, 292.999936, 241.200128, 360.599808]",datasets/chestxray8/val/images/00029502_006.png,Infiltration
00020857_008.png,Atelectasis,0.5074108144020959,0.0674438,"[179.599872, 264.600064, 377.999872, 420.00025600000004]",datasets/chestxray8/val/images/00020857_008.png,Infiltration
00020857_008.png,Effusion,0.6487842191174922,0.0015564,"[122.299904, 296.59980800000005, 383.60012800000004, 412.0]",datasets/chestxray8/val/images/00020857_008.png,Infiltration
00028330_003.png,Infiltration,0.7033271273437514,0.0066452,"[105.79993599999999, 226.199808, 168.19993599999998, 306.59968]",datasets/chestxray8/val/images/00028330_003.png,Effusion
00026886_002.png,Cardiomegaly,0.6610697114887572,0.0023365,"[83.450112, 81.000192, 225.00019200000003, 477.6]",datasets/chestxray8/val/images/00026886_002.png,Mass
00025686_000.png,Infiltration,0.6277152828004648,0.0515442,"[298.399744, 319.799808, 433.99987200000004, 391.399936]",datasets/chestxray8/val/images/00025686_000.png,Cardiomegaly
00025686_000.png,Infiltration,0.8908025246919529,0.020462,"[306.999808, 336.600192, 468.8, 387.00019199999997]",datasets/chestxray8/val/images/00025686_000.png,Cardiomegaly
00025686_000.png,Infiltration,0.5787928825207418,0.00287819,"[316.80025600000005, 332.400128, 417.600256, 386.800128]",datasets/chestxray8/val/images/00025686_000.png,Cardiomegaly
00025686_000.png,Infiltration,0.6601040927428703,0.00137806,"[282.4, 336.999936, 456.00025600000004, 402.399744]",datasets/chestxray8/val/images/00025686_000.png,Cardiomegaly
00013125_000.png,Infiltration,0.5991271985167551,0.0158997,"[123.90015999999997, 234.400256, 408.000256, 380.400128]",datasets/chestxray8/val/images/00013125_000.png,Atelectasis
00013125_000.png,Infiltration,0.8382725992893001,0.0025425,"[75.80006400000002, 211.000064, 397.600256, 400.8]",datasets/chestxray8/val/images/00013125_000.png,Atelectasis
00013125_000.png,Effusion,0.7653473821834441,0.00204277,"[83.29983999999999, 217.799936, 392.79974400000003, 390.200064]",datasets/chestxray8/val/images/00013125_000.png,Atelectasis
00013125_000.png,Mass,0.7653473821834441,0.00129318,"[83.29983999999999, 217.799936, 392.79974400000003, 390.200064]",datasets/chestxray8/val/images/00013125_000.png,Atelectasis
00013125_000.png,Edema,0.7653473821834441,0.00102234,"[83.29983999999999, 217.799936, 392.79974400000003, 390.200064]",datasets/chestxray8/val/images/00013125_000.png,Atelectasis
00017199_005.png,Infiltration,0.6760684999438255,0.0720825,"[385.200256, 345.400064, 429.200256, 375.80006399999996]",datasets/chestxray8/val/images/00017199_005.png,Effusion
00017199_005.png,Infiltration,0.6745752459815039,0.00135708,"[378.8, 339.2000768, 424.40000000000003, 382.0000512]",datasets/chestxray8/val/images/00017199_005.png,Effusion
00028628_008.png,Cardiomegaly,0.6922519271287504,0.0646973,"[314.799872, 60.900096000000005, 413.59999999999997, 190.50009599999998]",datasets/chestxray8/val/images/00028628_008.png,Mass
00028628_008.png,Cardiomegaly,0.5623259996962481,0.0154953,"[320.800256, 62.70003200000001, 427.20000000000005, 243.599872]",datasets/chestxray8/val/images/00028628_008.png,Mass
00028628_008.png,Cardiomegaly,0.606988963804197,0.00205803,"[298.199808, 57.649919999999995, 398.399744, 170.39999999999998]",datasets/chestxray8/val/images/00028628_008.png,Mass
00011322_002.png,Effusion,0.7322964159864471,0.00570679,"[191.09990400000004, 184.60006400000003, 416.0, 384.999936]",datasets/chestxray8/val/images/00011322_002.png,Atelectasis
00011322_002.png,Infiltration,0.7322964159864471,0.0054512,"[191.09990400000004, 184.60006400000003, 416.0, 384.999936]",datasets/chestxray8/val/images/00011322_002.png,Atelectasis
00011322_002.png,Mass,0.7322964159864471,0.00364304,"[191.09990400000004, 184.60006400000003, 416.0, 384.999936]",datasets/chestxray8/val/images/00011322_002.png,Atelectasis
00011322_002.png,Cardiomegaly,0.7322964159864471,0.00301743,"[191.09990400000004, 184.60006400000003, 416.0, 384.999936]",datasets/chestxray8/val/images/00011322_002.png,Atelectasis
00011322_002.png,Pneumonia,0.7322964159864471,0.00223923,"[191.09990400000004, 184.60006400000003, 416.0, 384.999936]",datasets/chestxray8/val/images/00011322_002.png,Atelectasis
00011322_002.png,Pneumothorax,0.7322964159864471,0.00191879,"[191.09990400000004, 184.60006400000003, 416.0, 384.999936]",datasets/chestxray8/val/images/00011322_002.png,Atelectasis
00011322_002.png,Edema,0.7322964159864471,0.00188923,"[191.09990400000004, 184.60006400000003, 416.0, 384.999936]",datasets/chestxray8/val/images/00011322_002.png,Atelectasis
00011322_002.png,Fibrosis,0.7322964159864471,0.00183964,"[191.09990400000004, 184.60006400000003, 416.0, 384.999936]",datasets/chestxray8/val/images/00011322_002.png,Atelectasis
00011322_002.png,Nodule,0.7322964159864471,0.00176907,"[191.09990400000004, 184.60006400000003, 416.0, 384.999936]",datasets/chestxray8/val/images/00011322_002.png,Atelectasis
00011322_002.png,Pleural_Thickening,0.7322964159864471,0.00166893,"[191.09990400000004, 184.60006400000003, 416.0, 384.999936]",datasets/chestxray8/val/images/00011322_002.png,Atelectasis
00011322_002.png,Hernia,0.7322964159864471,0.00161839,"[191.09990400000004, 184.60006400000003, 416.0, 384.999936]",datasets/chestxray8/val/images/00011322_002.png,Atelectasis
00011322_002.png,Emphysema,0.7322964159864471,0.00155067,"[191.09990400000004, 184.60006400000003, 416.0, 384.999936]",datasets/chestxray8/val/images/00011322_002.png,Atelectasis
00011322_002.png,Consolidation,0.7322964159864471,0.0011816,"[191.09990400000004, 184.60006400000003, 416.0, 384.999936]",datasets/chestxray8/val/images/00011322_002.png,Atelectasis
00004461_000.png,Infiltration,0.8008606694824452,0.00695419,"[152.30003200000002, 204.8, 379.20000000000005, 385.200128]",datasets/chestxray8/val/images/00004461_000.png,Atelectasis
00004461_000.png,Effusion,0.8646812657737489,0.005867,"[156.79974399999998, 201.99987200000004, 370.799872, 384.399872]",datasets/chestxray8/val/images/00004461_000.png,Atelectasis
00004461_000.png,Mass,0.8008606694824452,0.00399399,"[152.30003200000002, 204.8, 379.20000000000005, 385.200128]",datasets/chestxray8/val/images/00004461_000.png,Atelectasis
00004461_000.png,Pneumonia,0.8008606694824452,0.00384331,"[152.30003200000002, 204.8, 379.20000000000005, 385.200128]",datasets/chestxray8/val/images/00004461_000.png,Atelectasis
00004461_000.png,Emphysema,0.8008606694824452,0.00279999,"[152.30003200000002, 204.8, 379.20000000000005, 385.200128]",datasets/chestxray8/val/images/00004461_000.png,Atelectasis
00004461_000.png,Edema,0.8008606694824452,0.00275612,"[152.30003200000002, 204.8, 379.20000000000005, 385.200128]",datasets/chestxray8/val/images/00004461_000.png,Atelectasis
00004461_000.png,Cardiomegaly,0.8008606694824452,0.00254059,"[152.30003200000002, 204.8, 379.20000000000005, 385.200128]",datasets/chestxray8/val/images/00004461_000.png,Atelectasis
00004461_000.png,Nodule,0.8008606694824452,0.00224495,"[152.30003200000002, 204.8, 379.20000000000005, 385.200128]",datasets/chestxray8/val/images/00004461_000.png,Atelectasis
00004461_000.png,Pleural_Thickening,0.8008606694824452,0.00220108,"[152.30003200000002, 204.8, 379.20000000000005, 385.200128]",datasets/chestxray8/val/images/00004461_000.png,Atelectasis
00004461_000.png,Hernia,0.8008606694824452,0.0021019,"[152.30003200000002, 204.8, 379.20000000000005, 385.200128]",datasets/chestxray8/val/images/00004461_000.png,Atelectasis
00004461_000.png,Pneumothorax,0.8008606694824452,0.00184917,"[152.30003200000002, 204.8, 379.20000000000005, 385.200128]",datasets/chestxray8/val/images/00004461_000.png,Atelectasis
00004461_000.png,Fibrosis,0.8008606694824452,0.00177193,"[152.30003200000002, 204.8, 379.20000000000005, 385.200128]",datasets/chestxray8/val/images/00004461_000.png,Atelectasis
00004461_000.png,Consolidation,0.8008606694824452,0.00141907,"[152.30003200000002, 204.8, 379.20000000000005, 385.200128]",datasets/chestxray8/val/images/00004461_000.png,Atelectasis
00019767_016.png,Infiltration,0.8346330696779484,0.001688,"[65.85011200000001, 313.80001280000005, 215.00032, 361.3999872]",datasets/chestxray8/val/images/00019767_016.png,Cardiomegaly
00017611_002.png,Infiltration,0.5052491964163356,0.00217628,"[116.0, 217.999872, 186.19980800000002, 290.80012800000003]",datasets/chestxray8/val/images/00017611_002.png,Effusion
00027213_044.png,Cardiomegaly,0.6598305387461685,0.00245857,"[288.79999999999995, 60.0, 416.400128, 441.600256]",datasets/chestxray8/val/images/00027213_044.png,Mass
00027213_044.png,Cardiomegaly,0.5601932045298813,0.00113392,"[308.19993600000004, 85.39980800000001, 404.8, 409.599744]",datasets/chestxray8/val/images/00027213_044.png,Mass
00020393_001.png,Mass,0.8543351974583039,0.00141811,"[118.5997824, 113.100032, 152.39976959999998, 149.900032]",datasets/chestxray8/val/images/00020393_001.png,Effusion
00020393_001.png,Atelectasis,0.8803888618058282,0.00113487,"[116.7997952, 113.0998272, 154.79982080000002, 149.49985279999999]",datasets/chestxray8/val/images/00020393_001.png,Effusion
00012270_005.png,Mass,0.8486943715837245,0.00271988,"[371.999744, 124.80023039999999, 428.8, 173.8002176]",datasets/chestxray8/val/images/00012270_005.png,Effusion
00012270_005.png,Cardiomegaly,0.7824825050295421,0.00245857,"[373.6, 126.59996159999999, 426.4, 173.59997439999998]",datasets/chestxray8/val/images/00012270_005.png,Effusion
00012270_005.png,Infiltration,0.8322178955948911,0.0023365,"[371.99974399999996, 124.200192, 425.6, 173.800192]",datasets/chestxray8/val/images/00012270_005.png,Effusion
00012270_005.png,Fibrosis,0.8106669891545383,0.00133228,"[370.200064, 124.09989119999999, 425.999872, 174.89991679999997]",datasets/chestxray8/val/images/00012270_005.png,Effusion
00012270_005.png,Atelectasis,0.7496631951609419,0.00114632,"[372.2002432, 125.19997439999999, 422.40020480000004, 174.99996159999998]",datasets/chestxray8/val/images/00012270_005.png,Effusion
00014004_038.png,Infiltration,0.6554191525262798,0.0212708,"[176.70016, 198.59968, 236.200192, 254.199808]",datasets/chestxray8/val/images/00014004_038.png,Effusion
00005140_001.png,Cardiomegaly,0.6717486365733683,0.00179386,"[72.0, 100.40012800000001, 140.599808, 345.6]",datasets/chestxray8/val/images/00005140_001.png,Mass
00005827_000.png,Infiltration,0.7408682563647353,0.00633621,"[200.39987200000002, 185.600256, 414.799872, 369.600256]",datasets/chestxray8/val/images/00005827_000.png,Atelectasis
00005827_000.png,Effusion,0.7408682563647353,0.00564194,"[200.39987200000002, 185.600256, 414.799872, 369.600256]",datasets/chestxray8/val/images/00005827_000.png,Atelectasis
00005827_000.png,Mass,0.7408682563647353,0.0037117,"[200.39987200000002, 185.600256, 414.799872, 369.600256]",datasets/chestxray8/val/images/00005827_000.png,Atelectasis
00005827_000.png,Pneumonia,0.7408682563647353,0.00291061,"[200.39987200000002, 185.600256, 414.799872, 369.600256]",datasets/chestxray8/val/images/00005827_000.png,Atelectasis
00005827_000.png,Cardiomegaly,0.7408682563647353,0.00282288,"[200.39987200000002, 185.600256, 414.799872, 369.600256]",datasets/chestxray8/val/images/00005827_000.png,Atelectasis
00005827_000.png,Edema,0.7408682563647353,0.0021534,"[200.39987200000002, 185.600256, 414.799872, 369.600256]",datasets/chestxray8/val/images/00005827_000.png,Atelectasis
00005827_000.png,Nodule,0.7408682563647353,0.00208664,"[200.39987200000002, 185.600256, 414.799872, 369.600256]",datasets/chestxray8/val/images/00005827_000.png,Atelectasis
00005827_000.png,Emphysema,0.7408682563647353,0.00201607,"[200.39987200000002, 185.600256, 414.799872, 369.600256]",datasets/chestxray8/val/images/00005827_000.png,Atelectasis
00005827_000.png,Pneumothorax,0.7408682563647353,0.00199127,"[200.39987200000002, 185.600256, 414.799872, 369.600256]",datasets/chestxray8/val/images/00005827_000.png,Atelectasis
00005827_000.png,Fibrosis,0.7408682563647353,0.00191689,"[200.39987200000002, 185.600256, 414.799872, 369.600256]",datasets/chestxray8/val/images/00005827_000.png,Atelectasis
00005827_000.png,Pleural_Thickening,0.7408682563647353,0.00191689,"[200.39987200000002, 185.600256, 414.799872, 369.600256]",datasets/chestxray8/val/images/00005827_000.png,Atelectasis
00005827_000.png,Hernia,0.7408682563647353,0.00190163,"[200.39987200000002, 185.600256, 414.799872, 369.600256]",datasets/chestxray8/val/images/00005827_000.png,Atelectasis
00005827_000.png,Consolidation,0.7408682563647353,0.00129509,"[200.39987200000002, 185.600256, 414.799872, 369.600256]",datasets/chestxray8/val/images/00005827_000.png,Atelectasis
00025662_006.png,Infiltration,0.6218628186737916,0.00103474,"[415.59999999999997, 324.5999872, 438.8, 344.20001279999997]",datasets/chestxray8/val/images/00025662_006.png,Effusion
00008547_001.png,Infiltration,0.7317336239342198,0.00311661,"[384.400128, 342.200064, 475.60012800000004, 415.599872]",datasets/chestxray8/val/images/00008547_001.png,Cardiomegaly
00008547_001.png,Infiltration,0.5617734957878049,0.00136662,"[389.400064, 342.800128, 468.000256, 392.400128]",datasets/chestxray8/val/images/00008547_001.png,Cardiomegaly
00008547_001.png,Infiltration,0.6307971205801068,0.0012064,"[400.800256, 318.200064, 480.800256, 418.4]",datasets/chestxray8/val/images/00008547_001.png,Cardiomegaly
00021420_020.png,Infiltration,0.5653639081095563,0.00101662,"[82.89971200000001, 339.600128, 149.09977600000002, 395.600128]",datasets/chestxray8/val/images/00021420_020.png,Effusion
00015792_005.png,Infiltration,0.8018001102013768,0.00166512,"[134.9001216, 148.1001984, 171.5001344, 181.9001856]",datasets/chestxray8/val/images/00015792_005.png,Effusion
00015792_005.png,Atelectasis,0.8018001102013768,0.00130367,"[134.9001216, 148.1001984, 171.5001344, 181.9001856]",datasets/chestxray8/val/images/00015792_005.png,Effusion
00015792_005.png,Cardiomegaly,0.788655570285745,0.00111294,"[134.600064, 148.1001984, 170.600064, 181.9001856]",datasets/chestxray8/val/images/00015792_005.png,Effusion
00012094_040.png,Infiltration,0.5010752840284283,0.00379944,"[281.19987199999997, 55.699968, 344.8, 134.90022399999998]",datasets/chestxray8/val/images/00012094_040.png,Mass
00013685_000.png,Effusion,0.5216823787910949,0.00297356,"[120.59980800000001, 209.199872, 193.19987200000003, 245.999872]",datasets/chestxray8/val/images/00013685_000.png,Infiltration
00017514_008.png,Infiltration,0.8323415458443602,0.00757599,"[192.800256, 216.0, 439.20025599999997, 380.400128]",datasets/chestxray8/val/images/00017514_008.png,Atelectasis
00017514_008.png,Effusion,0.8323415458443602,0.0058403,"[192.800256, 216.0, 439.20025599999997, 380.400128]",datasets/chestxray8/val/images/00017514_008.png,Atelectasis
00017514_008.png,Pneumonia,0.8323415458443602,0.00402069,"[192.800256, 216.0, 439.20025599999997, 380.400128]",datasets/chestxray8/val/images/00017514_008.png,Atelectasis
00017514_008.png,Mass,0.8323415458443602,0.00392532,"[192.800256, 216.0, 439.20025599999997, 380.400128]",datasets/chestxray8/val/images/00017514_008.png,Atelectasis
00017514_008.png,Edema,0.8323415458443602,0.00315094,"[192.800256, 216.0, 439.20025599999997, 380.400128]",datasets/chestxray8/val/images/00017514_008.png,Atelectasis
00017514_008.png,Emphysema,0.8323415458443602,0.00292778,"[192.800256, 216.0, 439.20025599999997, 380.400128]",datasets/chestxray8/val/images/00017514_008.png,Atelectasis
00017514_008.png,Nodule,0.8323415458443602,0.0025444,"[192.800256, 216.0, 439.20025599999997, 380.400128]",datasets/chestxray8/val/images/00017514_008.png,Atelectasis
00017514_008.png,Cardiomegaly,0.8323415458443602,0.00247765,"[192.800256, 216.0, 439.20025599999997, 380.400128]",datasets/chestxray8/val/images/00017514_008.png,Atelectasis
00017514_008.png,Pleural_Thickening,0.8323415458443602,0.0023365,"[192.800256, 216.0, 439.20025599999997, 380.400128]",datasets/chestxray8/val/images/00017514_008.png,Atelectasis
00017514_008.png,Hernia,0.8323415458443602,0.0023365,"[192.800256, 216.0, 439.20025599999997, 380.400128]",datasets/chestxray8/val/images/00017514_008.png,Atelectasis
00017514_008.png,Fibrosis,0.8323415458443602,0.00204849,"[192.800256, 216.0, 439.20025599999997, 380.400128]",datasets/chestxray8/val/images/00017514_008.png,Atelectasis
00017514_008.png,Pneumothorax,0.8323415458443602,0.00190353,"[192.800256, 216.0, 439.20025599999997, 380.400128]",datasets/chestxray8/val/images/00017514_008.png,Atelectasis
00017514_008.png,Consolidation,0.8323415458443602,0.00157261,"[192.800256, 216.0, 439.20025599999997, 380.400128]",datasets/chestxray8/val/images/00017514_008.png,Atelectasis
00010575_002.png,Infiltration,0.5553226195839779,0.00231743,"[344.800256, 300.400128, 460.00025600000004, 354.800128]",datasets/chestxray8/val/images/00010575_002.png,Cardiomegaly
00015090_006.png,Infiltration,0.7402887450998761,0.503906,"[296.0, 287.80032, 416.800256, 368.60006400000003]",datasets/chestxray8/val/images/00015090_006.png,Cardiomegaly
00015090_006.png,Infiltration,0.5746317762833293,0.0124817,"[297.60025599999994, 298.200064, 428.0, 389.00019199999997]",datasets/chestxray8/val/images/00015090_006.png,Cardiomegaly
00015090_006.png,Atelectasis,0.7863242127525423,0.00318336,"[299.599872, 289.6, 419.20000000000005, 373.599744]",datasets/chestxray8/val/images/00015090_006.png,Cardiomegaly
00015090_006.png,Effusion,0.7863242127525423,0.00155067,"[299.599872, 289.6, 419.20000000000005, 373.599744]",datasets/chestxray8/val/images/00015090_006.png,Cardiomegaly
00015090_006.png,Mass,0.7863242127525423,0.00149727,"[299.599872, 289.6, 419.20000000000005, 373.599744]",datasets/chestxray8/val/images/00015090_006.png,Cardiomegaly
00002106_000.png,Infiltration,0.5152987644545814,0.00684738,"[302.999808, 191.400192, 384.599808, 276.999936]",datasets/chestxray8/val/images/00002106_000.png,Mass
00002106_000.png,Infiltration,0.6531682188930172,0.00198174,"[291.39993599999997, 212.0, 381.800192, 289.600256]",datasets/chestxray8/val/images/00002106_000.png,Mass
00026920_000.png,Effusion,0.8380112362461817,0.00107574,"[170.599936, 223.6, 230.600192, 253.20000000000002]",datasets/chestxray8/val/images/00026920_000.png,Infiltration
00000181_061.png,Cardiomegaly,0.6094412242846752,0.00266075,"[84.49996800000001, 269.399808, 200.0, 397.6]",datasets/chestxray8/val/images/00000181_061.png,Infiltration
00023325_019.png,Infiltration,0.509548231616762,0.00333214,"[86.50009600000001, 200.19993599999998, 414.800128, 310.599936]",datasets/chestxray8/val/images/00023325_019.png,Atelectasis
00023325_019.png,Effusion,0.9026784524208198,0.00160313,"[171.500032, 150.799872, 407.20025599999997, 319.600128]",datasets/chestxray8/val/images/00023325_019.png,Atelectasis
00023325_019.png,Infiltration,0.8587476021465555,0.00144196,"[168.70015999999998, 156.39987200000002, 412.0, 322.4]",datasets/chestxray8/val/images/00023325_019.png,Atelectasis
00021796_000.png,Cardiomegaly,0.5214976785692992,0.00272179,"[102.899968, 216.60032, 190.899968, 332.200192]",datasets/chestxray8/val/images/00021796_000.png,Infiltration
00018366_029.png,Infiltration,0.6034472929193637,0.0151978,"[273.600256, 222.3999232, 389.200128, 269.1999488]",datasets/chestxray8/val/images/00018366_029.png,Cardiomegaly
00018366_029.png,Mass,0.6201232183604584,0.00585938,"[274.600192, 226.199808, 390.200064, 266.19980799999996]",datasets/chestxray8/val/images/00018366_029.png,Cardiomegaly
00013337_000.png,Infiltration,0.6015384791171718,0.00580215,"[43.24991999999999, 206.39999999999998, 200.8, 380.400128]",datasets/chestxray8/val/images/00013337_000.png,Cardiomegaly
00009669_003.png,Cardiomegaly,0.5126486255503528,0.00263977,"[57.100032, 294.4, 189.299968, 456.800256]",datasets/chestxray8/val/images/00009669_003.png,Infiltration
00029579_005.png,Infiltration,0.6338404195995713,0.00217438,"[298.79982079999996, 93.69984, 347.1997952, 136.89984]",datasets/chestxray8/val/images/00029579_005.png,Effusion
00021009_001.png,Infiltration,0.8544265877977242,0.00367737,"[162.29990399999997, 171.200256, 381.599744, 330.4]",datasets/chestxray8/val/images/00021009_001.png,Atelectasis
00021009_001.png,Effusion,0.8187382526916535,0.00260735,"[151.80032, 157.80019199999998, 384.20019199999996, 336.60032]",datasets/chestxray8/val/images/00021009_001.png,Atelectasis
00021009_001.png,Mass,0.8544265877977242,0.00167274,"[162.29990399999997, 171.200256, 381.599744, 330.4]",datasets/chestxray8/val/images/00021009_001.png,Atelectasis
00021009_001.png,Cardiomegaly,0.8544265877977242,0.0016346,"[162.29990399999997, 171.200256, 381.599744, 330.4]",datasets/chestxray8/val/images/00021009_001.png,Atelectasis
00021009_001.png,Pneumonia,0.8187382526916535,0.00158405,"[151.80032, 157.80019199999998, 384.20019199999996, 336.60032]",datasets/chestxray8/val/images/00021009_001.png,Atelectasis
00021009_001.png,Infiltration,0.5982236091967617,0.00145149,"[209.6, 211.40019199999998, 379.99974399999996, 338.200064]",datasets/chestxray8/val/images/00021009_001.png,Atelectasis
00021009_001.png,Edema,0.8187382526916535,0.00121784,"[151.80032, 157.80019199999998, 384.20019199999996, 336.60032]",datasets/chestxray8/val/images/00021009_001.png,Atelectasis
00021009_001.png,Nodule,0.8187382526916535,0.00109768,"[151.80032, 157.80019199999998, 384.20019199999996, 336.60032]",datasets/chestxray8/val/images/00021009_001.png,Atelectasis
00021009_001.png,Emphysema,0.8187382526916535,0.00102806,"[151.80032, 157.80019199999998, 384.20019199999996, 336.60032]",datasets/chestxray8/val/images/00021009_001.png,Atelectasis
00025252_032.png,Atelectasis,0.8015100543092594,0.00388145,"[391.599872, 335.39993599999997, 480.39961600000004, 465.200128]",datasets/chestxray8/val/images/00025252_032.png,Mass
00025252_032.png,Effusion,0.8015100543092594,0.00205994,"[391.599872, 335.39993599999997, 480.39961600000004, 465.200128]",datasets/chestxray8/val/images/00025252_032.png,Mass
00025252_032.png,Cardiomegaly,0.8351620067128437,0.00166702,"[391.399936, 336.199936, 478.4, 461.999872]",datasets/chestxray8/val/images/00025252_032.png,Mass
00025252_032.png,Edema,0.8015100543092594,0.0013361,"[391.599872, 335.39993599999997, 480.39961600000004, 465.200128]",datasets/chestxray8/val/images/00025252_032.png,Mass
00025252_032.png,Pleural_Thickening,0.8351620067128437,0.00125885,"[391.399936, 336.199936, 478.4, 461.999872]",datasets/chestxray8/val/images/00025252_032.png,Mass
00025252_032.png,Emphysema,0.8015100543092594,0.00116158,"[391.599872, 335.39993599999997, 480.39961600000004, 465.200128]",datasets/chestxray8/val/images/00025252_032.png,Mass
00025252_032.png,Pneumonia,0.8015100543092594,0.00113869,"[391.599872, 335.39993599999997, 480.39961600000004, 465.200128]",datasets/chestxray8/val/images/00025252_032.png,Mass
00025252_032.png,Hernia,0.8015100543092594,0.00108242,"[391.599872, 335.39993599999997, 480.39961600000004, 465.200128]",datasets/chestxray8/val/images/00025252_032.png,Mass
00013751_003.png,Infiltration,0.6152026257960773,0.0127335,"[329.200128, 295.800064, 389.20038400000004, 349.399808]",datasets/chestxray8/val/images/00013751_003.png,Effusion
00013751_003.png,Infiltration,0.8176926908513268,0.00216866,"[335.199872, 307.6, 385.599872, 348.4]",datasets/chestxray8/val/images/00013751_003.png,Effusion
00013249_052.png,Infiltration,0.7497457853388204,0.00298691,"[182.099968, 208.8, 416.0, 330.799872]",datasets/chestxray8/val/images/00013249_052.png,Atelectasis
00013249_052.png,Effusion,0.876407939333681,0.00241852,"[171.69996799999998, 189.69984, 412.39987199999996, 331.199744]",datasets/chestxray8/val/images/00013249_052.png,Atelectasis
00013249_052.png,Pneumonia,0.8982592508321031,0.0015316,"[170.29990400000003, 196.999936, 416.399872, 338.199808]",datasets/chestxray8/val/images/00013249_052.png,Atelectasis
00013249_052.png,Mass,0.876407939333681,0.00137043,"[171.69996799999998, 189.69984, 412.39987199999996, 331.199744]",datasets/chestxray8/val/images/00013249_052.png,Atelectasis
00013249_052.png,Edema,0.8982592508321031,0.00105,"[170.29990400000003, 196.999936, 416.399872, 338.199808]",datasets/chestxray8/val/images/00013249_052.png,Atelectasis
00013249_052.png,Nodule,0.8982592508321031,0.0010376,"[170.29990400000003, 196.999936, 416.399872, 338.199808]",datasets/chestxray8/val/images/00013249_052.png,Atelectasis
00017028_000.png,Infiltration,0.9254911259352995,0.030899,"[72.9000448, 290.800256, 110.1000192, 318.800256]",datasets/chestxray8/val/images/00017028_000.png,Effusion
00006851_033.png,Cardiomegaly,0.5379907352944254,0.00320435,"[86.44991999999999, 302.00005120000003, 187.600128, 345.6000768]",datasets/chestxray8/val/images/00006851_033.png,Infiltration
00006851_033.png,Mass,0.5379907352944254,0.00102615,"[86.44991999999999, 302.00005120000003, 187.600128, 345.6000768]",datasets/chestxray8/val/images/00006851_033.png,Infiltration
00000740_000.png,Infiltration,0.7185982172956065,0.00716782,"[172.000256, 225.99987199999998, 399.20025599999997, 387.99974399999996]",datasets/chestxray8/val/images/00000740_000.png,Atelectasis
00000740_000.png,Effusion,0.7411812113163375,0.00259972,"[171.10016000000002, 221.40032000000002, 380.000256, 385.000192]",datasets/chestxray8/val/images/00000740_000.png,Atelectasis
00000740_000.png,Mass,0.7411812113163375,0.00169373,"[171.10016000000002, 221.40032000000002, 380.000256, 385.000192]",datasets/chestxray8/val/images/00000740_000.png,Atelectasis
00000740_000.png,Cardiomegaly,0.7411812113163375,0.00129986,"[171.10016000000002, 221.40032000000002, 380.000256, 385.000192]",datasets/chestxray8/val/images/00000740_000.png,Atelectasis
00000740_000.png,Pneumonia,0.7411812113163375,0.00116634,"[171.10016000000002, 221.40032000000002, 380.000256, 385.000192]",datasets/chestxray8/val/images/00000740_000.png,Atelectasis
00027866_002.png,Atelectasis,0.59130134417879,0.0519104,"[147.70022400000002, 284.400128, 368.800256, 427.20000000000005]",datasets/chestxray8/val/images/00027866_002.png,Infiltration
00027866_002.png,Cardiomegaly,0.5872552078237305,0.0184174,"[66.799872, 340.0, 361.599744, 406.39974400000006]",datasets/chestxray8/val/images/00027866_002.png,Infiltration
00027464_033.png,Infiltration,0.8253037800899046,0.00340652,"[163.99974400000002, 122.800128, 419.999744, 321.999872]",datasets/chestxray8/val/images/00027464_033.png,Atelectasis
00027464_033.png,Effusion,0.8253037800899046,0.00297356,"[163.99974400000002, 122.800128, 419.999744, 321.999872]",datasets/chestxray8/val/images/00027464_033.png,Atelectasis
00027464_033.png,Mass,0.8253037800899046,0.00166988,"[163.99974400000002, 122.800128, 419.999744, 321.999872]",datasets/chestxray8/val/images/00027464_033.png,Atelectasis
00027464_033.png,Pneumonia,0.8253037800899046,0.00154591,"[163.99974400000002, 122.800128, 419.999744, 321.999872]",datasets/chestxray8/val/images/00027464_033.png,Atelectasis
00027464_033.png,Cardiomegaly,0.7769228298663942,0.00135326,"[172.49996799999997, 131.400192, 416.0, 320.999936]",datasets/chestxray8/val/images/00027464_033.png,Atelectasis
00027464_033.png,Edema,0.8253037800899046,0.00131798,"[163.99974400000002, 122.800128, 419.999744, 321.999872]",datasets/chestxray8/val/images/00027464_033.png,Atelectasis
00027464_033.png,Nodule,0.8253037800899046,0.00121593,"[163.99974400000002, 122.800128, 419.999744, 321.999872]",datasets/chestxray8/val/images/00027464_033.png,Atelectasis
00027464_033.png,Fibrosis,0.8253037800899046,0.00112534,"[163.99974400000002, 122.800128, 419.999744, 321.999872]",datasets/chestxray8/val/images/00027464_033.png,Atelectasis
00027464_033.png,Pleural_Thickening,0.8253037800899046,0.00106525,"[163.99974400000002, 122.800128, 419.999744, 321.999872]",datasets/chestxray8/val/images/00027464_033.png,Atelectasis
00025228_005.png,Cardiomegaly,0.537409868273595,0.00563049,"[307.599872, 273.200128, 449.6, 357.600256]",datasets/chestxray8/val/images/00025228_005.png,Infiltration
00011925_072.png,Cardiomegaly,0.5080928426207436,0.011261,"[180.399872, 116.200192, 317.6, 300.999936]",datasets/chestxray8/val/images/00011925_072.png,Effusion
00011925_072.png,Mass,0.5080928426207436,0.00570679,"[180.399872, 116.200192, 317.6, 300.999936]",datasets/chestxray8/val/images/00011925_072.png,Effusion
00011925_072.png,Atelectasis,0.5080928426207436,0.00454712,"[180.399872, 116.200192, 317.6, 300.999936]",datasets/chestxray8/val/images/00011925_072.png,Effusion
00011925_072.png,Infiltration,0.5080928426207436,0.0023098,"[180.399872, 116.200192, 317.6, 300.999936]",datasets/chestxray8/val/images/00011925_072.png,Effusion
00011925_072.png,Infiltration,0.568455563376144,0.00138474,"[188.599808, 156.8, 301.799936, 305.999872]",datasets/chestxray8/val/images/00011925_072.png,Effusion
00017511_006.png,Infiltration,0.8915588747625379,0.00512695,"[157.99987199999998, 209.999872, 373.999872, 375.60012800000004]",datasets/chestxray8/val/images/00017511_006.png,Atelectasis
00017511_006.png,Effusion,0.8876208339494194,0.00469971,"[160.999936, 201.00019200000003, 368.999936, 377.400064]",datasets/chestxray8/val/images/00017511_006.png,Atelectasis
00017511_006.png,Pneumonia,0.8915588747625379,0.00271034,"[157.99987199999998, 209.999872, 373.999872, 375.60012800000004]",datasets/chestxray8/val/images/00017511_006.png,Atelectasis
00017511_006.png,Mass,0.8876208339494194,0.00270462,"[160.999936, 201.00019200000003, 368.999936, 377.400064]",datasets/chestxray8/val/images/00017511_006.png,Atelectasis
00017511_006.png,Edema,0.8915588747625379,0.00199699,"[157.99987199999998, 209.999872, 373.999872, 375.60012800000004]",datasets/chestxray8/val/images/00017511_006.png,Atelectasis
00017511_006.png,Emphysema,0.8915588747625379,0.00199699,"[157.99987199999998, 209.999872, 373.999872, 375.60012800000004]",datasets/chestxray8/val/images/00017511_006.png,Atelectasis
00017511_006.png,Nodule,0.8915588747625379,0.00177097,"[157.99987199999998, 209.999872, 373.999872, 375.60012800000004]",datasets/chestxray8/val/images/00017511_006.png,Atelectasis
00017511_006.png,Cardiomegaly,0.8915588747625379,0.00167179,"[157.99987199999998, 209.999872, 373.999872, 375.60012800000004]",datasets/chestxray8/val/images/00017511_006.png,Atelectasis
00017511_006.png,Pleural_Thickening,0.8915588747625379,0.00158405,"[157.99987199999998, 209.999872, 373.999872, 375.60012800000004]",datasets/chestxray8/val/images/00017511_006.png,Atelectasis
00017511_006.png,Hernia,0.8915588747625379,0.00147152,"[157.99987199999998, 209.999872, 373.999872, 375.60012800000004]",datasets/chestxray8/val/images/00017511_006.png,Atelectasis
00017511_006.png,Pneumothorax,0.8915588747625379,0.00136662,"[157.99987199999998, 209.999872, 373.999872, 375.60012800000004]",datasets/chestxray8/val/images/00017511_006.png,Atelectasis
00017511_006.png,Fibrosis,0.8876208339494194,0.00134468,"[160.999936, 201.00019200000003, 368.999936, 377.400064]",datasets/chestxray8/val/images/00017511_006.png,Atelectasis
00017511_006.png,Consolidation,0.8915588747625379,0.00108242,"[157.99987199999998, 209.999872, 373.999872, 375.60012800000004]",datasets/chestxray8/val/images/00017511_006.png,Atelectasis
00013187_002.png,Atelectasis,0.580322699354921,0.00302505,"[135.59987200000003, 256.8, 471.20000000000005, 397.200128]",datasets/chestxray8/val/images/00013187_002.png,Infiltration
00013187_002.png,Cardiomegaly,0.7886779083806645,0.00133419,"[103.60012799999998, 271.000064, 455.600128, 377.800192]",datasets/chestxray8/val/images/00013187_002.png,Infiltration
00019058_004.png,Infiltration,0.8342929718690435,0.00139332,"[173.600256, 230.80012799999997, 226.80012799999997, 300.800256]",datasets/chestxray8/val/images/00019058_004.png,Effusion
00018762_002.png,Cardiomegaly,0.740393377255877,0.0295105,"[301.799936, 295.600128, 430.4, 348.000256]",datasets/chestxray8/val/images/00018762_002.png,Infiltration
00018762_002.png,Cardiomegaly,0.7600852103296006,0.00157261,"[319.39993599999997, 305.599744, 428.8, 351.99974399999996]",datasets/chestxray8/val/images/00018762_002.png,Infiltration
00018762_002.png,Cardiomegaly,0.5753013634176114,0.0011301,"[336.599808, 302.8002048, 431.59987199999995, 344.0001792]",datasets/chestxray8/val/images/00018762_002.png,Infiltration
00013635_002.png,Infiltration,0.8111880529919635,0.00596619,"[188.79999999999995, 177.99961599999997, 408.800256, 335.599872]",datasets/chestxray8/val/images/00013635_002.png,Atelectasis
00013635_002.png,Effusion,0.8111880529919635,0.00437927,"[188.79999999999995, 177.99961599999997, 408.800256, 335.599872]",datasets/chestxray8/val/images/00013635_002.png,Atelectasis
00013635_002.png,Mass,0.8111880529919635,0.00304031,"[188.79999999999995, 177.99961599999997, 408.800256, 335.599872]",datasets/chestxray8/val/images/00013635_002.png,Atelectasis
00013635_002.png,Cardiomegaly,0.8111880529919635,0.00257492,"[188.79999999999995, 177.99961599999997, 408.800256, 335.599872]",datasets/chestxray8/val/images/00013635_002.png,Atelectasis
00013635_002.png,Pneumonia,0.8985567363623516,0.00246048,"[180.19993599999998, 170.200064, 415.199744, 338.599936]",datasets/chestxray8/val/images/00013635_002.png,Atelectasis
00013635_002.png,Hernia,0.8111880529919635,0.00190449,"[188.79999999999995, 177.99961599999997, 408.800256, 335.599872]",datasets/chestxray8/val/images/00013635_002.png,Atelectasis
00013635_002.png,Pleural_Thickening,0.8111880529919635,0.0018816,"[188.79999999999995, 177.99961599999997, 408.800256, 335.599872]",datasets/chestxray8/val/images/00013635_002.png,Atelectasis
00013635_002.png,Edema,0.8111880529919635,0.00184536,"[188.79999999999995, 177.99961599999997, 408.800256, 335.599872]",datasets/chestxray8/val/images/00013635_002.png,Atelectasis
00013635_002.png,Pneumothorax,0.8111880529919635,0.00183868,"[188.79999999999995, 177.99961599999997, 408.800256, 335.599872]",datasets/chestxray8/val/images/00013635_002.png,Atelectasis
00013635_002.png,Fibrosis,0.8111880529919635,0.00174141,"[188.79999999999995, 177.99961599999997, 408.800256, 335.599872]",datasets/chestxray8/val/images/00013635_002.png,Atelectasis
00013635_002.png,Nodule,0.8985567363623516,0.00168514,"[180.19993599999998, 170.200064, 415.199744, 338.599936]",datasets/chestxray8/val/images/00013635_002.png,Atelectasis
00013635_002.png,Emphysema,0.8985567363623516,0.00167847,"[180.19993599999998, 170.200064, 415.199744, 338.599936]",datasets/chestxray8/val/images/00013635_002.png,Atelectasis
00013635_002.png,Consolidation,0.8111880529919635,0.0012579,"[188.79999999999995, 177.99961599999997, 408.800256, 335.599872]",datasets/chestxray8/val/images/00013635_002.png,Atelectasis
00025787_039.png,Cardiomegaly,0.6230696019113194,0.00152683,"[40.500223999999996, 51.500032000000004, 112.90009599999999, 398.79987200000005]",datasets/chestxray8/val/images/00025787_039.png,Mass
00021179_011.png,Cardiomegaly,0.5845450133476235,0.00249863,"[58.699775999999986, 65.700096, 202.399744, 349.999872]",datasets/chestxray8/val/images/00021179_011.png,Effusion
00020673_005.png,Atelectasis,0.5556308646127947,0.00216103,"[250.4, 138.49984, 417.199872, 257.599744]",datasets/chestxray8/val/images/00020673_005.png,Infiltration
00020673_005.png,Cardiomegaly,0.623817382262602,0.00145435,"[316.000256, 162.999808, 423.600128, 255.799808]",datasets/chestxray8/val/images/00020673_005.png,Infiltration
00023176_017.png,Effusion,0.8416158546191556,0.002491,"[152.8, 136.99968, 421.200128, 326.599936]",datasets/chestxray8/val/images/00023176_017.png,Atelectasis
00023176_017.png,Infiltration,0.8416158546191556,0.00189686,"[152.8, 136.99968, 421.200128, 326.599936]",datasets/chestxray8/val/images/00023176_017.png,Atelectasis
00023176_017.png,Cardiomegaly,0.5711753767474146,0.00176811,"[53.699839999999995, 172.200192, 431.2, 331.399936]",datasets/chestxray8/val/images/00023176_017.png,Atelectasis
00023176_017.png,Infiltration,0.5585758318353694,0.00146008,"[60.99993599999999, 175.09990399999998, 424.8, 328.399872]",datasets/chestxray8/val/images/00023176_017.png,Atelectasis
00023176_017.png,Mass,0.8416158546191556,0.001441,"[152.8, 136.99968, 421.200128, 326.599936]",datasets/chestxray8/val/images/00023176_017.png,Atelectasis
00023176_017.png,Infiltration,0.67334885231501,0.00125027,"[186.70028800000003, 169.599744, 447.60012800000004, 336.8]",datasets/chestxray8/val/images/00023176_017.png,Atelectasis
00023176_017.png,Cardiomegaly,0.8416158546191556,0.00115204,"[152.8, 136.99968, 421.200128, 326.599936]",datasets/chestxray8/val/images/00023176_017.png,Atelectasis
00019373_058.png,Mass,0.9357812817970752,0.00613022,"[161.39980799999998, 164.0, 223.399936, 242.39999999999998]",datasets/chestxray8/val/images/00019373_058.png,Effusion
00019373_058.png,Cardiomegaly,0.9290819850446195,0.00518799,"[162.400256, 165.50016, 227.2, 245.60000000000002]",datasets/chestxray8/val/images/00019373_058.png,Effusion
00019373_058.png,Infiltration,0.9357812817970752,0.00258827,"[161.39980799999998, 164.0, 223.399936, 242.39999999999998]",datasets/chestxray8/val/images/00019373_058.png,Effusion
00019373_058.png,Atelectasis,0.8667943010555585,0.0012455,"[157.6, 166.999808, 225.000192, 246.59993599999999]",datasets/chestxray8/val/images/00019373_058.png,Effusion
00019373_058.png,Fibrosis,0.9111723679928622,0.00102234,"[162.600192, 170.000128, 223.00032, 243.200256]",datasets/chestxray8/val/images/00019373_058.png,Effusion
00019373_058.png,Consolidation,0.9034062366483553,0.00101852,"[159.80006400000002, 166.799872, 225.400064, 245.599744]",datasets/chestxray8/val/images/00019373_058.png,Effusion
00000732_005.png,Effusion,0.7635171703329998,0.00272369,"[208.19993599999998, 205.99987199999998, 419.199744, 388.0]",datasets/chestxray8/val/images/00000732_005.png,Atelectasis
00000732_005.png,Infiltration,0.7363216255087207,0.00226021,"[203.600128, 212.00025600000004, 420.800256, 380.400128]",datasets/chestxray8/val/images/00000732_005.png,Atelectasis
00000732_005.png,Mass,0.7635171703329998,0.00209236,"[208.19993599999998, 205.99987199999998, 419.199744, 388.0]",datasets/chestxray8/val/images/00000732_005.png,Atelectasis
00000732_005.png,Infiltration,0.5721020921264194,0.00173855,"[126.19980799999999, 240.800256, 441.6, 422.000128]",datasets/chestxray8/val/images/00000732_005.png,Atelectasis
00000732_005.png,Pneumonia,0.7635171703329998,0.00110722,"[208.19993599999998, 205.99987199999998, 419.199744, 388.0]",datasets/chestxray8/val/images/00000732_005.png,Atelectasis
00000732_005.png,Cardiomegaly,0.7635171703329998,0.00101757,"[208.19993599999998, 205.99987199999998, 419.199744, 388.0]",datasets/chestxray8/val/images/00000732_005.png,Atelectasis
00004344_018.png,Infiltration,0.5657518295810646,0.0166473,"[249.799936, 228.20019200000002, 437.6, 391.800064]",datasets/chestxray8/val/images/00004344_018.png,Atelectasis
00004344_018.png,Effusion,0.6418325243985115,0.00315666,"[230.999808, 218.59993599999999, 423.99974399999996, 399.199744]",datasets/chestxray8/val/images/00004344_018.png,Atelectasis
00004344_018.png,Cardiomegaly,0.6418325243985115,0.00199127,"[230.999808, 218.59993599999999, 423.99974399999996, 399.199744]",datasets/chestxray8/val/images/00004344_018.png,Atelectasis
00004344_018.png,Infiltration,0.5208709915771177,0.00195217,"[203.80006400000002, 231.200256, 384.200192, 388.00025600000004]",datasets/chestxray8/val/images/00004344_018.png,Atelectasis
00004344_018.png,Mass,0.6418325243985115,0.00195217,"[230.999808, 218.59993599999999, 423.99974399999996, 399.199744]",datasets/chestxray8/val/images/00004344_018.png,Atelectasis
00004344_018.png,Pneumonia,0.5857109653290907,0.00119972,"[229.20012799999998, 238.39999999999998, 428.0, 398.4]",datasets/chestxray8/val/images/00004344_018.png,Atelectasis
00004344_018.png,Nodule,0.6418325243985115,0.00105476,"[230.999808, 218.59993599999999, 423.99974399999996, 399.199744]",datasets/chestxray8/val/images/00004344_018.png,Atelectasis
00004344_018.png,Edema,0.6418325243985115,0.00101471,"[230.999808, 218.59993599999999, 423.99974399999996, 399.199744]",datasets/chestxray8/val/images/00004344_018.png,Atelectasis
00004344_018.png,Fibrosis,0.6418325243985115,0.00100994,"[230.999808, 218.59993599999999, 423.99974399999996, 399.199744]",datasets/chestxray8/val/images/00004344_018.png,Atelectasis
00012261_001.png,Infiltration,0.6277727490944172,0.0103149,"[240.200192, 283.00006399999995, 500.79999999999995, 430.400256]",datasets/chestxray8/val/images/00012261_001.png,Atelectasis
00012261_001.png,Infiltration,0.7531630706101545,0.00208855,"[225.40006400000001, 240.8, 482.4, 406.399744]",datasets/chestxray8/val/images/00012261_001.png,Atelectasis
00012261_001.png,Infiltration,0.5392453063312053,0.00102234,"[231.199744, 271.600128, 507.599872, 489.200128]",datasets/chestxray8/val/images/00012261_001.png,Atelectasis
00002059_008.png,Infiltration,0.5433779218130732,0.00795746,"[108.20019199999999, 269.200128, 459.20025599999997, 389.200128]",datasets/chestxray8/val/images/00002059_008.png,Atelectasis
00002059_008.png,Infiltration,0.7239937895199926,0.00583267,"[197.80019199999998, 246.59993599999999, 456.000256, 388.200192]",datasets/chestxray8/val/images/00002059_008.png,Atelectasis
00002059_008.png,Effusion,0.7672253209923343,0.00413513,"[199.799808, 236.19993599999998, 448.79974400000003, 391.799808]",datasets/chestxray8/val/images/00002059_008.png,Atelectasis
00002059_008.png,Mass,0.7672253209923343,0.00259399,"[199.799808, 236.19993599999998, 448.79974400000003, 391.799808]",datasets/chestxray8/val/images/00002059_008.png,Atelectasis
00002059_008.png,Pneumonia,0.7239937895199926,0.00211716,"[197.80019199999998, 246.59993599999999, 456.000256, 388.200192]",datasets/chestxray8/val/images/00002059_008.png,Atelectasis
00002059_008.png,Cardiomegaly,0.7672253209923343,0.00185394,"[199.799808, 236.19993599999998, 448.79974400000003, 391.799808]",datasets/chestxray8/val/images/00002059_008.png,Atelectasis
00002059_008.png,Edema,0.7239937895199926,0.00163269,"[197.80019199999998, 246.59993599999999, 456.000256, 388.200192]",datasets/chestxray8/val/images/00002059_008.png,Atelectasis
00002059_008.png,Hernia,0.7239937895199926,0.00148296,"[197.80019199999998, 246.59993599999999, 456.000256, 388.200192]",datasets/chestxray8/val/images/00002059_008.png,Atelectasis
00002059_008.png,Emphysema,0.7239937895199926,0.00144386,"[197.80019199999998, 246.59993599999999, 456.000256, 388.200192]",datasets/chestxray8/val/images/00002059_008.png,Atelectasis
00002059_008.png,Fibrosis,0.7672253209923343,0.00141907,"[199.799808, 236.19993599999998, 448.79974400000003, 391.799808]",datasets/chestxray8/val/images/00002059_008.png,Atelectasis
00002059_008.png,Pleural_Thickening,0.7239937895199926,0.00138855,"[197.80019199999998, 246.59993599999999, 456.000256, 388.200192]",datasets/chestxray8/val/images/00002059_008.png,Atelectasis
00002059_008.png,Nodule,0.7239937895199926,0.00136662,"[197.80019199999998, 246.59993599999999, 456.000256, 388.200192]",datasets/chestxray8/val/images/00002059_008.png,Atelectasis
00002059_008.png,Pneumothorax,0.7672253209923343,0.00136471,"[199.799808, 236.19993599999998, 448.79974400000003, 391.799808]",datasets/chestxray8/val/images/00002059_008.png,Atelectasis
00002059_008.png,Infiltration,0.5499875044360005,0.00114822,"[128.19993599999998, 224.20019200000002, 444.0, 363.800064]",datasets/chestxray8/val/images/00002059_008.png,Atelectasis
00003072_028.png,Atelectasis,0.634067179406143,0.00205421,"[16.899839999999998, 228.0, 161.89977599999997, 380.0]",datasets/chestxray8/val/images/00003072_028.png,Cardiomegaly
00018496_006.png,Cardiomegaly,0.7551491423717672,0.0102234,"[95.69996800000001, 366.399744, 468.400128, 463.2]",datasets/chestxray8/val/images/00018496_006.png,Infiltration
00018496_006.png,Cardiomegaly,0.5992857812290147,0.00109386,"[193.19987199999997, 346.4, 475.600128, 469.6]",datasets/chestxray8/val/images/00018496_006.png,Infiltration
00030674_000.png,Effusion,0.6363750338987862,0.0365295,"[316.799744, 130.600192, 418.799872, 271.800064]",datasets/chestxray8/val/images/00030674_000.png,Infiltration
00030674_000.png,Cardiomegaly,0.623683888862924,0.00168896,"[319.200256, 128.89983999999998, 415.200256, 270.399744]",datasets/chestxray8/val/images/00030674_000.png,Infiltration
00007037_000.png,Infiltration,0.8442698187095251,0.00727081,"[144.00000000000003, 216.79974399999998, 398.79987200000005, 432.399872]",datasets/chestxray8/val/images/00007037_000.png,Atelectasis
00007037_000.png,Effusion,0.8442698187095251,0.00485611,"[144.00000000000003, 216.79974399999998, 398.79987200000005, 432.399872]",datasets/chestxray8/val/images/00007037_000.png,Atelectasis
00007037_000.png,Cardiomegaly,0.8442698187095251,0.00358009,"[144.00000000000003, 216.79974399999998, 398.79987200000005, 432.399872]",datasets/chestxray8/val/images/00007037_000.png,Atelectasis
00007037_000.png,Mass,0.8442698187095251,0.00352669,"[144.00000000000003, 216.79974399999998, 398.79987200000005, 432.399872]",datasets/chestxray8/val/images/00007037_000.png,Atelectasis
00007037_000.png,Pneumonia,0.8442698187095251,0.00221634,"[144.00000000000003, 216.79974399999998, 398.79987200000005, 432.399872]",datasets/chestxray8/val/images/00007037_000.png,Atelectasis
00007037_000.png,Pleural_Thickening,0.8442698187095251,0.00198746,"[144.00000000000003, 216.79974399999998, 398.79987200000005, 432.399872]",datasets/chestxray8/val/images/00007037_000.png,Atelectasis
00007037_000.png,Nodule,0.7677528633810374,0.00184345,"[136.70015999999998, 205.599744, 402.4, 441.6]",datasets/chestxray8/val/images/00007037_000.png,Atelectasis
00007037_000.png,Edema,0.8442698187095251,0.00183964,"[144.00000000000003, 216.79974399999998, 398.79987200000005, 432.399872]",datasets/chestxray8/val/images/00007037_000.png,Atelectasis
00007037_000.png,Hernia,0.8442698187095251,0.00177574,"[144.00000000000003, 216.79974399999998, 398.79987200000005, 432.399872]",datasets/chestxray8/val/images/00007037_000.png,Atelectasis
00007037_000.png,Fibrosis,0.8442698187095251,0.00170803,"[144.00000000000003, 216.79974399999998, 398.79987200000005, 432.399872]",datasets/chestxray8/val/images/00007037_000.png,Atelectasis
00007037_000.png,Pneumothorax,0.8442698187095251,0.00162315,"[144.00000000000003, 216.79974399999998, 398.79987200000005, 432.399872]",datasets/chestxray8/val/images/00007037_000.png,Atelectasis
00007037_000.png,Emphysema,0.8442698187095251,0.00137901,"[144.00000000000003, 216.79974399999998, 398.79987200000005, 432.399872]",datasets/chestxray8/val/images/00007037_000.png,Atelectasis
00007037_000.png,Consolidation,0.8442698187095251,0.00113583,"[144.00000000000003, 216.79974399999998, 398.79987200000005, 432.399872]",datasets/chestxray8/val/images/00007037_000.png,Atelectasis
00005532_016.png,Infiltration,0.755539354826502,0.00709152,"[154.30016, 189.69984, 371.20025599999997, 357.999872]",datasets/chestxray8/val/images/00005532_016.png,Atelectasis
00005532_016.png,Effusion,0.755539354826502,0.00602722,"[154.30016, 189.69984, 371.20025599999997, 357.999872]",datasets/chestxray8/val/images/00005532_016.png,Atelectasis
00005532_016.png,Mass,0.755539354826502,0.00420761,"[154.30016, 189.69984, 371.20025599999997, 357.999872]",datasets/chestxray8/val/images/00005532_016.png,Atelectasis
00005532_016.png,Pneumonia,0.755539354826502,0.0041275,"[154.30016, 189.69984, 371.20025599999997, 357.999872]",datasets/chestxray8/val/images/00005532_016.png,Atelectasis
00005532_016.png,Emphysema,0.755539354826502,0.00316429,"[154.30016, 189.69984, 371.20025599999997, 357.999872]",datasets/chestxray8/val/images/00005532_016.png,Atelectasis
00005532_016.png,Edema,0.755539354826502,0.00296211,"[154.30016, 189.69984, 371.20025599999997, 357.999872]",datasets/chestxray8/val/images/00005532_016.png,Atelectasis
00005532_016.png,Cardiomegaly,0.755539354826502,0.00289345,"[154.30016, 189.69984, 371.20025599999997, 357.999872]",datasets/chestxray8/val/images/00005532_016.png,Atelectasis
00005532_016.png,Nodule,0.755539354826502,0.0024395,"[154.30016, 189.69984, 371.20025599999997, 357.999872]",datasets/chestxray8/val/images/00005532_016.png,Atelectasis
00005532_016.png,Hernia,0.755539354826502,0.00235748,"[154.30016, 189.69984, 371.20025599999997, 357.999872]",datasets/chestxray8/val/images/00005532_016.png,Atelectasis
00005532_016.png,Pleural_Thickening,0.755539354826502,0.00230217,"[154.30016, 189.69984, 371.20025599999997, 357.999872]",datasets/chestxray8/val/images/00005532_016.png,Atelectasis
00005532_016.png,Pneumothorax,0.755539354826502,0.00226593,"[154.30016, 189.69984, 371.20025599999997, 357.999872]",datasets/chestxray8/val/images/00005532_016.png,Atelectasis
00005532_016.png,Fibrosis,0.755539354826502,0.00207329,"[154.30016, 189.69984, 371.20025599999997, 357.999872]",datasets/chestxray8/val/images/00005532_016.png,Atelectasis
00005532_016.png,Consolidation,0.755539354826502,0.00169468,"[154.30016, 189.69984, 371.20025599999997, 357.999872]",datasets/chestxray8/val/images/00005532_016.png,Atelectasis
00019861_010.png,Infiltration,0.6865894288149996,0.00182247,"[154.900224, 207.199744, 422.400256, 363.20000000000005]",datasets/chestxray8/val/images/00019861_010.png,Atelectasis
00019861_010.png,Effusion,0.8199540582434306,0.00115395,"[156.999936, 181.800192, 388.999936, 369.00019199999997]",datasets/chestxray8/val/images/00019861_010.png,Atelectasis
00005532_000.png,Infiltration,0.748153296745674,0.0071907,"[199.99999999999997, 147.000064, 420.79999999999995, 313.799936]",datasets/chestxray8/val/images/00005532_000.png,Atelectasis
00005532_000.png,Effusion,0.748153296745674,0.00684357,"[199.99999999999997, 147.000064, 420.79999999999995, 313.799936]",datasets/chestxray8/val/images/00005532_000.png,Atelectasis
00005532_000.png,Mass,0.748153296745674,0.00443268,"[199.99999999999997, 147.000064, 420.79999999999995, 313.799936]",datasets/chestxray8/val/images/00005532_000.png,Atelectasis
00005532_000.png,Pneumonia,0.748153296745674,0.00380135,"[199.99999999999997, 147.000064, 420.79999999999995, 313.799936]",datasets/chestxray8/val/images/00005532_000.png,Atelectasis
00005532_000.png,Cardiomegaly,0.748153296745674,0.0030365,"[199.99999999999997, 147.000064, 420.79999999999995, 313.799936]",datasets/chestxray8/val/images/00005532_000.png,Atelectasis
00005532_000.png,Emphysema,0.748153296745674,0.00281143,"[199.99999999999997, 147.000064, 420.79999999999995, 313.799936]",datasets/chestxray8/val/images/00005532_000.png,Atelectasis
00005532_000.png,Edema,0.748153296745674,0.00273705,"[199.99999999999997, 147.000064, 420.79999999999995, 313.799936]",datasets/chestxray8/val/images/00005532_000.png,Atelectasis
00005532_000.png,Pneumothorax,0.748153296745674,0.00252151,"[199.99999999999997, 147.000064, 420.79999999999995, 313.799936]",datasets/chestxray8/val/images/00005532_000.png,Atelectasis
00005532_000.png,Hernia,0.748153296745674,0.00248337,"[199.99999999999997, 147.000064, 420.79999999999995, 313.799936]",datasets/chestxray8/val/images/00005532_000.png,Atelectasis
00005532_000.png,Pleural_Thickening,0.748153296745674,0.00238991,"[199.99999999999997, 147.000064, 420.79999999999995, 313.799936]",datasets/chestxray8/val/images/00005532_000.png,Atelectasis
00005532_000.png,Nodule,0.748153296745674,0.00235176,"[199.99999999999997, 147.000064, 420.79999999999995, 313.799936]",datasets/chestxray8/val/images/00005532_000.png,Atelectasis
00005532_000.png,Fibrosis,0.748153296745674,0.00225449,"[199.99999999999997, 147.000064, 420.79999999999995, 313.799936]",datasets/chestxray8/val/images/00005532_000.png,Atelectasis
00005532_000.png,Consolidation,0.748153296745674,0.0017519,"[199.99999999999997, 147.000064, 420.79999999999995, 313.799936]",datasets/chestxray8/val/images/00005532_000.png,Atelectasis
00001534_005.png,Infiltration,0.8018285963383777,0.00738525,"[208.0, 165.29996799999998, 439.60012800000004, 338.000128]",datasets/chestxray8/val/images/00001534_005.png,Atelectasis
00001534_005.png,Effusion,0.8162980513379178,0.00477219,"[199.2, 158.4, 445.200128, 338.800128]",datasets/chestxray8/val/images/00001534_005.png,Atelectasis
00001534_005.png,Mass,0.8018285963383777,0.00319481,"[208.0, 165.29996799999998, 439.60012800000004, 338.000128]",datasets/chestxray8/val/images/00001534_005.png,Atelectasis
00001534_005.png,Pneumonia,0.8162980513379178,0.00305939,"[199.2, 158.4, 445.200128, 338.800128]",datasets/chestxray8/val/images/00001534_005.png,Atelectasis
00001534_005.png,Cardiomegaly,0.8018285963383777,0.00290108,"[208.0, 165.29996799999998, 439.60012800000004, 338.000128]",datasets/chestxray8/val/images/00001534_005.png,Atelectasis
00001534_005.png,Edema,0.8162980513379178,0.00229836,"[199.2, 158.4, 445.200128, 338.800128]",datasets/chestxray8/val/images/00001534_005.png,Atelectasis
00001534_005.png,Pleural_Thickening,0.8018285963383777,0.00203323,"[208.0, 165.29996799999998, 439.60012800000004, 338.000128]",datasets/chestxray8/val/images/00001534_005.png,Atelectasis
00001534_005.png,Emphysema,0.8162980513379178,0.00199127,"[199.2, 158.4, 445.200128, 338.800128]",datasets/chestxray8/val/images/00001534_005.png,Atelectasis
00001534_005.png,Nodule,0.8162980513379178,0.00196838,"[199.2, 158.4, 445.200128, 338.800128]",datasets/chestxray8/val/images/00001534_005.png,Atelectasis
00001534_005.png,Hernia,0.8018285963383777,0.00195503,"[208.0, 165.29996799999998, 439.60012800000004, 338.000128]",datasets/chestxray8/val/images/00001534_005.png,Atelectasis
00001534_005.png,Pneumothorax,0.8018285963383777,0.00193977,"[208.0, 165.29996799999998, 439.60012800000004, 338.000128]",datasets/chestxray8/val/images/00001534_005.png,Atelectasis
00001534_005.png,Fibrosis,0.8018285963383777,0.00180149,"[208.0, 165.29996799999998, 439.60012800000004, 338.000128]",datasets/chestxray8/val/images/00001534_005.png,Atelectasis
00001534_005.png,Consolidation,0.8018285963383777,0.00120735,"[208.0, 165.29996799999998, 439.60012800000004, 338.000128]",datasets/chestxray8/val/images/00001534_005.png,Atelectasis
00001373_009.png,Effusion,0.9061829381982708,0.00557327,"[199.20025600000002, 229.19987199999997, 482.80012800000003, 496.799744]",datasets/chestxray8/val/images/00001373_009.png,Atelectasis
00001373_009.png,Infiltration,0.8992942580010184,0.00451279,"[203.2, 248.400128, 480.399872, 493.999872]",datasets/chestxray8/val/images/00001373_009.png,Atelectasis
00001373_009.png,Mass,0.9061829381982708,0.00336647,"[199.20025600000002, 229.19987199999997, 482.80012800000003, 496.799744]",datasets/chestxray8/val/images/00001373_009.png,Atelectasis
00001373_009.png,Cardiomegaly,0.9061829381982708,0.00295258,"[199.20025600000002, 229.19987199999997, 482.80012800000003, 496.799744]",datasets/chestxray8/val/images/00001373_009.png,Atelectasis
00001373_009.png,Pneumonia,0.9061829381982708,0.00208282,"[199.20025600000002, 229.19987199999997, 482.80012800000003, 496.799744]",datasets/chestxray8/val/images/00001373_009.png,Atelectasis
00001373_009.png,Fibrosis,0.9061829381982708,0.00205803,"[199.20025600000002, 229.19987199999997, 482.80012800000003, 496.799744]",datasets/chestxray8/val/images/00001373_009.png,Atelectasis
00001373_009.png,Edema,0.9061829381982708,0.00204086,"[199.20025600000002, 229.19987199999997, 482.80012800000003, 496.799744]",datasets/chestxray8/val/images/00001373_009.png,Atelectasis
00001373_009.png,Nodule,0.9061829381982708,0.00183105,"[199.20025600000002, 229.19987199999997, 482.80012800000003, 496.799744]",datasets/chestxray8/val/images/00001373_009.png,Atelectasis
00001373_009.png,Pleural_Thickening,0.9061829381982708,0.00181007,"[199.20025600000002, 229.19987199999997, 482.80012800000003, 496.799744]",datasets/chestxray8/val/images/00001373_009.png,Atelectasis
00001373_009.png,Hernia,0.9061829381982708,0.00174141,"[199.20025600000002, 229.19987199999997, 482.80012800000003, 496.799744]",datasets/chestxray8/val/images/00001373_009.png,Atelectasis
00001373_009.png,Emphysema,0.9061829381982708,0.00133133,"[199.20025600000002, 229.19987199999997, 482.80012800000003, 496.799744]",datasets/chestxray8/val/images/00001373_009.png,Atelectasis
00001373_009.png,Consolidation,0.9061829381982708,0.00129509,"[199.20025600000002, 229.19987199999997, 482.80012800000003, 496.799744]",datasets/chestxray8/val/images/00001373_009.png,Atelectasis
00001373_009.png,Pneumothorax,0.9061829381982708,0.00124168,"[199.20025600000002, 229.19987199999997, 482.80012800000003, 496.799744]",datasets/chestxray8/val/images/00001373_009.png,Atelectasis
00028620_000.png,Cardiomegaly,0.5693622975833353,0.00113487,"[399.20000000000005, 337.19987199999997, 484.0, 396.399872]",datasets/chestxray8/val/images/00028620_000.png,Infiltration
00016990_000.png,Infiltration,0.8658826827921678,0.00649643,"[150.200064, 235.2, 396.200192, 397.600256]",datasets/chestxray8/val/images/00016990_000.png,Atelectasis
00016990_000.png,Effusion,0.770093443087498,0.00580978,"[147.39993600000003, 217.60000000000002, 390.99980800000003, 401.999872]",datasets/chestxray8/val/images/00016990_000.png,Atelectasis
00016990_000.png,Mass,0.8582418549905968,0.0035305,"[158.40000000000003, 226.59993599999999, 384.399872, 400.0]",datasets/chestxray8/val/images/00016990_000.png,Atelectasis
00016990_000.png,Cardiomegaly,0.8582418549905968,0.00277901,"[158.40000000000003, 226.59993599999999, 384.399872, 400.0]",datasets/chestxray8/val/images/00016990_000.png,Atelectasis
00016990_000.png,Pneumonia,0.770093443087498,0.00251198,"[147.39993600000003, 217.60000000000002, 390.99980800000003, 401.999872]",datasets/chestxray8/val/images/00016990_000.png,Atelectasis
00016990_000.png,Edema,0.770093443087498,0.00203896,"[147.39993600000003, 217.60000000000002, 390.99980800000003, 401.999872]",datasets/chestxray8/val/images/00016990_000.png,Atelectasis
00016990_000.png,Pneumothorax,0.8582418549905968,0.00191593,"[158.40000000000003, 226.59993599999999, 384.399872, 400.0]",datasets/chestxray8/val/images/00016990_000.png,Atelectasis
00016990_000.png,Nodule,0.770093443087498,0.00188637,"[147.39993600000003, 217.60000000000002, 390.99980800000003, 401.999872]",datasets/chestxray8/val/images/00016990_000.png,Atelectasis
00016990_000.png,Hernia,0.8582418549905968,0.00185776,"[158.40000000000003, 226.59993599999999, 384.399872, 400.0]",datasets/chestxray8/val/images/00016990_000.png,Atelectasis
00016990_000.png,Pleural_Thickening,0.8582418549905968,0.00183582,"[158.40000000000003, 226.59993599999999, 384.399872, 400.0]",datasets/chestxray8/val/images/00016990_000.png,Atelectasis
00016990_000.png,Fibrosis,0.8582418549905968,0.00180054,"[158.40000000000003, 226.59993599999999, 384.399872, 400.0]",datasets/chestxray8/val/images/00016990_000.png,Atelectasis
00016990_000.png,Emphysema,0.770093443087498,0.0016098,"[147.39993600000003, 217.60000000000002, 390.99980800000003, 401.999872]",datasets/chestxray8/val/images/00016990_000.png,Atelectasis
00016990_000.png,Consolidation,0.770093443087498,0.00117016,"[147.39993600000003, 217.60000000000002, 390.99980800000003, 401.999872]",datasets/chestxray8/val/images/00016990_000.png,Atelectasis
00014015_003.png,Atelectasis,0.6093807535221374,0.00141144,"[46.299904, 226.400256, 171.300096, 296.800256]",datasets/chestxray8/val/images/00014015_003.png,Cardiomegaly
00014015_003.png,Infiltration,0.6093807535221374,0.00109577,"[46.299904, 226.400256, 171.300096, 296.800256]",datasets/chestxray8/val/images/00014015_003.png,Cardiomegaly
