Epoch,Precision,Recall,mAP50,mAP50_95,TrainLoss,ValLoss
31,0.8762,0.0995,0.07155,0.03108,0.05649,0.13923
32,0.8734,0.08462,0.06881,0.03088,0.05891,0.13887
33,0.8643,0.0838,0.06903,0.03468,0.05655,0.14056
34,0.855,0.1231,0.06519,0.02796,0.05682,0.14085
35,0.8469,0.1385,0.06725,0.03148,0.05745,0.14054
36,0.8638,0.1154,0.07704,0.03269,0.05594,0.1412
37,0.8725,0.07692,0.06911,0.03016,0.05462,0.13929
38,0.8777,0.1077,0.06773,0.02937,0.05826,0.13884
39,0.8543,0.1692,0.07135,0.03126,0.05942,0.1360299999999999
40,0.8574,0.1385,0.07251,0.02512,0.05949,0.13496
41,0.8476,0.1308,0.06243,0.02625,0.05725,0.1366
42,0.2577,0.2278,0.05939,0.02876,0.05771,0.13555
43,0.2647,0.1694,0.06205,0.02953,0.05556,0.13723
44,0.8638,0.1154,0.07495,0.03412,0.0558,0.1386899999999999
45,0.8682,0.09941,0.07093,0.03193,0.05815,0.13763
46,0.8598,0.1154,0.07889,0.0392,0.05486,0.13835
47,0.8992,0.05302,0.06663,0.03684,0.05726,0.13703
48,0.8502,0.1231,0.06876,0.03059,0.05602,0.13582
49,0.8381,0.1902,0.08298,0.04154,0.05431,0.13546
50,0.6608,0.1473,0.07392,0.03709,0.05341,0.13529
51,0.6673,0.1161,0.0727,0.03074,0.05246,0.1339199999999999
52,0.6837,0.165,0.09665,0.04284,0.05263,0.13372
53,0.8805,0.1154,0.1022,0.0395,0.05182,0.13471
54,0.8884,0.1218,0.1003,0.04276,0.05226,0.13558
55,0.7276,0.1671,0.1029,0.0466,0.05112,0.1360799999999999
56,0.8586,0.1286,0.1031,0.05243,0.05172,0.13558
57,0.322,0.2471,0.1085,0.04821,0.04907,0.13608
58,0.3186,0.224,0.1031,0.04637,0.0495,0.13585
59,0.3568,0.1996,0.1056,0.04784,0.04755,0.13588
60,0.3027,0.2304,0.1083,0.05085,0.04829,0.13558
61,0.4701,0.2146,0.1151,0.05251,0.04659,0.13607
62,0.4187,0.2018,0.1069,0.05195,0.04926,0.13593
63,0.3855,0.1822,0.103,0.05004,0.04639,0.13608
64,0.4706,0.1934,0.112,0.05508,0.04821,0.1360299999999999
65,0.4484,0.1812,0.1171,0.06028,0.04729,0.13569
66,0.4613,0.1941,0.1056,0.04998,0.04654,0.13555
67,0.3193,0.2121,0.1077,0.04142,0.04839,0.13625
68,0.3402,0.1855,0.1415,0.06357,0.04833,0.13597
69,0.3701,0.2254,0.1121,0.05265,0.0493,0.13475
70,0.3436,0.1764,0.1002,0.0478,0.0496,0.13458
71,0.7682,0.1514,0.1117,0.04377,0.04902,0.13655
72,0.4114,0.2331,0.1217,0.04629,0.05137,0.1352999999999999
73,0.3057,0.2172,0.09415,0.04678,0.04871,0.13744
74,0.6896,0.1111,0.08357,0.03811,0.05124,0.13868
75,0.6773,0.1419,0.08834,0.04178,0.05242,0.13518
76,0.4099,0.1703,0.1075,0.05227,0.04788,0.1352
77,0.2966,0.2092,0.1089,0.05468,0.04962,0.13548
78,0.5806,0.194,0.1164,0.05654,0.04902,0.1336
79,0.8604,0.1281,0.119,0.06533,0.04895,0.13354
80,0.3683,0.2214,0.1206,0.05815,0.04716,0.13469
81,0.3315,0.1938,0.1339,0.06414,0.04596,0.1344
82,0.4734,0.206,0.13,0.06295,0.04628,0.13407
83,0.342,0.2185,0.1133,0.05755,0.04538,0.13391
84,0.3431,0.2108,0.1134,0.04932,0.04594,0.13484
85,0.4122,0.2052,0.1192,0.05744,0.04546,0.13535
86,0.3301,0.2129,0.1071,0.05454,0.04586,0.13511
87,0.3723,0.2254,0.1211,0.0569,0.04474,0.13453
88,0.4144,0.2096,0.1281,0.05907,0.04245,0.13451
89,0.3948,0.2177,0.1304,0.05856,0.04072,0.13468
90,0.4016,0.21,0.1292,0.05783,0.04388,0.13461
91,0.4443,0.1948,0.132,0.05937,0.04159,0.13478
92,0.4197,0.1968,0.1237,0.05852,0.04407,0.13461
93,0.4428,0.1506,0.1246,0.05902,0.04031,0.13515
94,0.3949,0.2044,0.1307,0.05868,0.04313,0.135
95,0.3964,0.2177,0.1274,0.06473,0.04185,0.1353
96,0.5126,0.1352,0.1268,0.06383,0.04124,0.13405
97,0.4059,0.1318,0.1269,0.0535,0.04294,0.13534
98,0.3611,0.1423,0.1272,0.06064,0.04224,0.13631
99,0.3783,0.181,0.1294,0.06171,0.04481,0.13517
100,0.3389,0.19,0.121,0.06239,0.04432,0.1357999999999999
101,0.357,0.2095,0.1364,0.06213,0.04195,0.1362
102,0.3295,0.2174,0.1303,0.05691,0.04408,0.1346
103,0.3408,0.1907,0.09524,0.04823,0.04245,0.13526
104,0.3293,0.1774,0.1265,0.06808,0.04554,0.13402
105,0.5366,0.1363,0.104,0.05432,0.04911,0.13382
106,0.1218,0.2301,0.1068,0.06182,0.04526,0.13343
107,0.127,0.148,0.1187,0.06044,0.04741,0.1330299999999999
108,0.4703,0.1557,0.1344,0.06741,0.04506,0.1329
109,0.1408,0.1946,0.1285,0.06901,0.04512,0.13373
110,0.4432,0.2107,0.1356,0.0665,0.04108,0.13374
111,0.1244,0.1988,0.1334,0.0741,0.04158,0.1328
112,0.1219,0.1999,0.1373,0.07244,0.04282,0.1330799999999999
113,0.1523,0.2056,0.1435,0.06753,0.04252,0.13463
114,0.1351,0.2076,0.146,0.07582,0.04228,0.1351
115,0.1074,0.2605,0.1441,0.07738,0.04192,0.13479
116,0.1078,0.2283,0.133,0.07004,0.04307,0.13423
117,0.09292,0.2649,0.1366,0.06976,0.04006,0.13374
118,0.1362,0.1779,0.1392,0.06822,0.03949,0.13334
119,0.09058,0.2637,0.1347,0.06537,0.03999,0.13351
120,0.09273,0.2406,0.1329,0.06454,0.04059,0.13362
121,0.1354,0.1745,0.1378,0.06752,0.03905,0.13327
122,0.09747,0.2727,0.1388,0.07209,0.03983,0.1331899999999999
123,0.1309,0.2038,0.1418,0.07239,0.03799,0.13362
124,0.1147,0.229,0.1347,0.06714,0.0393,0.1331999999999999
125,0.114,0.2269,0.1288,0.0692,0.03813,0.13315
126,0.1965,0.1704,0.1329,0.06832,0.03859,0.13355
127,0.1165,0.2691,0.1448,0.07434,0.03797,0.1332499999999999
128,0.1548,0.1853,0.1163,0.05604,0.03736,0.13326
129,0.3329,0.1927,0.1405,0.0718,0.03833,0.13449
130,0.1863,0.1977,0.1352,0.07538,0.03967,0.13549
131,0.7481,0.1022,0.1481,0.07793,0.03779,0.13622
132,0.1124,0.2346,0.143,0.07125,0.03889,0.13487
133,0.2017,0.1566,0.1255,0.06624,0.03564,0.13592
134,0.1471,0.1854,0.1242,0.06166,0.03779,0.13595
135,0.1367,0.1803,0.1009,0.04986,0.04055,0.13722
136,0.1683,0.1685,0.1137,0.06063,0.0391,0.13702
137,0.1104,0.2519,0.1285,0.06561,0.04022,0.13402
138,0.09493,0.2409,0.1374,0.06842,0.03966,0.13483
139,0.1267,0.2634,0.1288,0.06591,0.03865,0.13527
140,0.1488,0.2319,0.1203,0.05977,0.03698,0.1351899999999999
141,0.1235,0.229,0.1315,0.07043,0.0378,0.13596
142,0.1307,0.2313,0.1407,0.06888,0.03697,0.13572
143,0.1084,0.2444,0.1319,0.06409,0.03661,0.13677
144,0.1209,0.2195,0.1258,0.06557,0.03678,0.13731
145,0.1271,0.2131,0.1191,0.06112,0.03783,0.13782
146,0.108,0.2778,0.1252,0.06196,0.03843,0.1381
147,0.1327,0.2465,0.1351,0.06862,0.03578,0.13727
148,0.1248,0.2367,0.1352,0.0708,0.03606,0.13687
149,0.1551,0.1967,0.1344,0.06623,0.03454,0.13694
150,0.1434,0.2046,0.1291,0.06379,0.03695,0.13711
