Image,Class,IoU,Confidence
00027577_003.png,Infiltration,8.649975261076695e-07,0.0215149
00012973_005.png,Cardiomegaly,1.9717821738919763e-05,0.0010767
00013125_000.png,Cardiomegaly,2.529171195453423e-05,0.00333786
00019058_004.png,Infiltration,3.643127396496552e-05,0.0119476
00017511_006.png,Effusion,4.040202057234141e-05,0.032074
00017178_007.png,Infiltration,7.458212698679703e-05,0.337158
00026398_000.png,Atelectasis,0.0001385276599702,0.110291
00014004_038.png,Infiltration,0.0002871890495789,0.00482559
00014004_038.png,Effusion,0.0002871890495789,0.00405884
00014004_038.png,Cardiomegaly,0.0002871890495789,0.00333595
00014004_038.png,Mass,0.0002871890495789,0.00296211
00014004_038.png,Pneumonia,0.0002871890495789,0.00234032
00014004_038.png,Edema,0.0002871890495789,0.00184345
00014004_038.png,Nodule,0.0002871890495789,0.00182819
00014004_038.png,Emphysema,0.0002871890495789,0.0017252
00014004_038.png,Pleural_Thickening,0.0002871890495789,0.00157928
00014004_038.png,Hernia,0.0002871890495789,0.00152397
00014004_038.png,Pneumothorax,0.0002871890495789,0.00150585
00014004_038.png,Fibrosis,0.0002871890495789,0.00143814
00014004_038.png,Consolidation,0.0002871890495789,0.00103855
