Image,Class,IoU,Confidence,PredBox,ImagePath,GT_Class,GT_Box
00011322_002.png,Atelectasis,0.933054299885819,0.327637,"[166.125056, 179.749888, 434.99980800000003, 419.749888]",datasets/chestxray8/val/images/00011322_002.png,Atelectasis,"[173.37566137566148, 178.25185185185197, 426.9375661375665, 420.977777777778]"
00013249_052.png,Atelectasis,0.8949998450363877,0.252197,"[165.00019200000003, 182.749952, 421.000192, 339.750144]",datasets/chestxray8/val/images/00013249_052.png,Atelectasis,"[167.41587301587302, 191.25502645502647, 428.56296296296307, 336.9989417989419]"
00014004_038.png,Effusion,0.8826068750270291,0.00277519,"[172.0, 197.8752, 231.749888, 265.25030399999997]",datasets/chestxray8/val/images/00014004_038.png,Effusion,"[172.2920634920635, 198.8402116402115, 227.5555555555555, 267.648677248677]"
00009705_000.png,Atelectasis,0.8747423669045331,0.435547,"[183.99999999999997, 162.62528000000003, 447.00006399999995, 341.50016]",datasets/chestxray8/val/images/00009705_000.png,Atelectasis,"[169.04126984127004, 154.4126984126985, 440.48253968254005, 339.7079365079365]"
00013635_002.png,Atelectasis,0.8694419919629708,0.330811,"[183.250176, 160.500224, 425.750272, 340.000256]",datasets/chestxray8/val/images/00013635_002.png,Atelectasis,"[181.50264550264552, 165.2486772486775, 412.8507936507935, 350.0021164021165]"
00019861_010.png,Atelectasis,0.8589663107114764,0.113037,"[135.75014399999998, 175.12499200000002, 407.750144, 400.500224]",datasets/chestxray8/val/images/00019861_010.png,Atelectasis,"[134.9079365079365, 178.79365079365104, 402.01481481481505, 377.0920634920635]"
00001534_005.png,Atelectasis,0.8580912268741829,0.626465,"[195.12499200000002, 152.99993600000002, 455.50003200000003, 362.500096]",datasets/chestxray8/val/images/00001534_005.png,Atelectasis,"[198.29841269841253, 171.20846560846553, 443.733333333333, 361.921693121693]"
00028330_003.png,Effusion,0.8559213928592287,0.00301743,"[101.250048, 214.49984, 181.00019200000003, 319.000064]",datasets/chestxray8/val/images/00028330_003.png,Effusion,"[104.56719576719598, 219.97037037037046, 177.71005291005298, 317.49417989418]"
00017514_008.png,Atelectasis,0.8523168086928794,0.589844,"[177.37497599999998, 208.0, 450.000128, 396.49996799999997]",datasets/chestxray8/val/images/00017514_008.png,Atelectasis,"[173.3756613756615, 222.67936507936503, 441.5661375661375, 390.63703703703703]"
00002059_008.png,Atelectasis,0.843267922642443,0.0315552,"[176.00025599999998, 249.00019200000003, 456.000256, 413.50016]",datasets/chestxray8/val/images/00002059_008.png,Atelectasis,"[187.46243386243398, 232.97354497354502, 464.863492063492, 415.0179894179895]"
00001373_009.png,Atelectasis,0.8430451985431557,0.20166,"[192.499968, 227.749888, 463.50003200000003, 476.250112]",datasets/chestxray8/val/images/00001373_009.png,Atelectasis,"[206.425396825397, 234.057142857143, 480.5756613756615, 484.910052910053]"
00005532_000.png,Atelectasis,0.8360685069399123,0.628906,"[189.250048, 134.249984, 434.25023999999996, 311.750144]",datasets/chestxray8/val/images/00005532_000.png,Atelectasis,"[191.2550264550265, 131.115343915344, 429.104761904762, 338.08253968254]"
00004344_018.png,Atelectasis,0.8327178804627203,0.19165,"[205.99987199999998, 208.24985599999997, 452.0, 428.250112]",datasets/chestxray8/val/images/00004344_018.png,Atelectasis,"[195.589417989418, 196.67301587301603, 448.06772486772496, 411.76719576719603]"
00010575_002.png,Cardiomegaly,0.8323920440466221,0.00456238,"[347.50003200000003, 288.499968, 479.499776, 387.000064]",datasets/chestxray8/val/images/00010575_002.png,Cardiomegaly,"[347.8349206349205, 295.8222222222225, 471.906878306878, 383.05185185185195]"
00017511_006.png,Atelectasis,0.8257428427983663,0.471436,"[159.749888, 199.624704, 381.249792, 376.999936]",datasets/chestxray8/val/images/00017511_006.png,Atelectasis,"[169.49152542372897, 211.93220338983048, 368.0, 378.9830508474575]"
00005827_000.png,Atelectasis,0.8210543083465276,0.418701,"[187.24991999999997, 172.24985599999997, 440.749824, 391.749888]",datasets/chestxray8/val/images/00005827_000.png,Atelectasis,"[196.673015873016, 153.87089947089947, 422.60317460317503, 389.553439153439]"
00015792_005.png,Effusion,0.8134847712152391,0.0188599,"[134.499968, 142.8749056, 176.74995199999998, 186.3748864]",datasets/chestxray8/val/images/00015792_005.png,Effusion,"[133.8243386243385, 146.827513227513, 173.37566137566125, 185.8370370370368]"
00019373_058.png,Effusion,0.8068114227139292,0.763184,"[157.124864, 169.999872, 225.374976, 239.24992]",datasets/chestxray8/val/images/00019373_058.png,Effusion,"[162.5396825396825, 165.2486772486775, 224.304761904762, 243.80952380952397]"
00000740_000.png,Atelectasis,0.806170550498502,0.109375,"[151.99974400000002, 197.99987200000004, 394.49984, 419.000064]",datasets/chestxray8/val/images/00000740_000.png,Atelectasis,"[150.620105820106, 192.33862433862453, 389.0116402116405, 385.7608465608465]"
00014015_003.png,Cardiomegaly,0.8048714739918774,0.0206604,"[39.437312000000006, 203.750144, 197.74975999999998, 300.250368]",datasets/chestxray8/val/images/00014015_003.png,Cardiomegaly,"[52.62222222222199, 204.39230034722198, 190.293333333333, 293.7078559027775]"
00013051_000.png,Effusion,0.8041820777449414,0.00275612,"[130.49989119999998, 272.2500096, 163.2498688, 303.7499904]",datasets/chestxray8/val/images/00013051_000.png,Effusion,"[133.2825396825395, 275.2338624338625, 162.53968253968236, 303.94920634920635]"
00014795_002.png,Infiltration,0.7959415280088405,0.00165176,"[152.249856, 270.00012799999996, 221.74976, 343.000064]",datasets/chestxray8/val/images/00014795_002.png,Infiltration,"[144.66031746031746, 270.899470899471, 218.8867724867725, 337.54074074074106]"
00013337_000.png,Cardiomegaly,0.7957516334035496,0.00843048,"[30.625024000000003, 156.499712, 155.750144, 412.999936]",datasets/chestxray8/val/images/00013337_000.png,Cardiomegaly,"[30.8825396825397, 157.121693121693, 169.5830687830687, 381.426455026455]"
00019399_010.png,Cardiomegaly,0.7925026325778396,0.00497818,"[399.24992000000003, 308.75008, 457.750016, 421.250304]",datasets/chestxray8/val/images/00019399_010.png,Cardiomegaly,"[391.720634920635, 301.24021164021144, 458.36190476190507, 425.853968253968]"
00029843_001.png,Infiltration,0.7912092968214252,0.0215912,"[128.249856, 219.87507200000002, 193.999872, 272.00025600000004]",datasets/chestxray8/val/images/00029843_001.png,Infiltration,"[128.406349206349, 224.304761904762, 193.42222222222202, 279.568253968254]"
00012261_001.png,Atelectasis,0.7903103446112714,0.00136852,"[241.99987199999998, 249.99987199999998, 492.99968, 425.999872]",datasets/chestxray8/val/images/00012261_001.png,Atelectasis,"[226.98305084745746, 216.813559322034, 493.28813559322, 426.71186440677997]"
00016587_069.png,Effusion,0.7890128168956686,0.00238419,"[379.7500928, 205.0001664, 409.25009919999997, 233.5001856]",datasets/chestxray8/val/images/00016587_069.png,Effusion,"[377.6338624338625, 203.716402116402, 412.8507936507937, 232.97354497354488]"
00026886_002.png,Mass,0.7812318406266172,0.00633621,"[103.874816, 106.62502399999997, 212.87500799999998, 437.499904]",datasets/chestxray8/val/images/00026886_002.png,Mass,"[112.3555555555555, 98.57896701388901, 229.5466666666665, 437.067855902778]"
00028774_047.png,Cardiomegaly,0.7778454945025811,0.00940704,"[21.687295999999996, 253.99987199999998, 114.06233599999999, 413.499648]",datasets/chestxray8/val/images/00028774_047.png,Cardiomegaly,"[26.54814814814815, 244.351322751323, 118.65396825396815, 398.7640211640215]"
00012048_007.png,Effusion,0.775647457028932,0.405029,"[141.50016, 191.37510400000002, 224.250112, 276.0]",datasets/chestxray8/val/images/00012048_007.png,Effusion,"[143.5767195767195, 190.1714285714285, 217.26137566137552, 266.0232804232805]"
00021321_002.png,Mass,0.771565811073576,0.00373459,"[86.74995199999998, 25.250304, 204.75008, 171.375104]",datasets/chestxray8/val/images/00021321_002.png,Mass,"[95.356613756614, 22.2137566137566, 197.214814814815, 158.2052910052911]"
00000732_005.png,Atelectasis,0.7700652386353081,0.0611877,"[205.249792, 198.1248, 426.249984, 406.999808]",datasets/chestxray8/val/images/00000732_005.png,Atelectasis,"[213.9661016949155, 232.0, 420.0677966101695, 404.4745762711865]"
00025252_032.png,Mass,0.7689333996498068,0.453369,"[357.75001599999996, 341.50016000000005, 476.249856, 468.500224]",datasets/chestxray8/val/images/00025252_032.png,Mass,"[378.0266666666665, 340.9256336805555, 478.71999999999997, 462.098967013889]"
00012261_001.png,Atelectasis,0.7605978736082657,0.143555,"[195.875072, 217.499904, 475.500288, 447.99974399999996]",datasets/chestxray8/val/images/00012261_001.png,Atelectasis,"[226.98305084745746, 216.813559322034, 493.28813559322, 426.71186440677997]"
00013751_003.png,Effusion,0.7590458279391366,0.0044899,"[339.00008959999997, 299.74981119999995, 386.0001024, 346.2498048]",datasets/chestxray8/val/images/00013751_003.png,Effusion,"[338.0825396825395, 305.0328042328045, 383.05185185185167, 350.00211640211666]"
00027464_033.png,Atelectasis,0.7570484697524692,0.477295,"[154.125056, 130.624768, 414.99980800000003, 344.49996799999997]",datasets/chestxray8/val/images/00027464_033.png,Atelectasis,"[147.911111111111, 114.86137566137552, 407.974603174603, 312.6179894179895]"
00025662_006.png,Effusion,0.7526747313913305,0.0693359,"[412.4998144, 315.2502528, 441.49980159999996, 348.75025919999996]",datasets/chestxray8/val/images/00025662_006.png,Effusion,"[413.9343915343915, 319.6613756613755, 439.39894179894173, 348.3767195767193]"
00028774_047.png,Cardiomegaly,0.7502095815907208,0.0339355,"[27.156223999999995, 213.374976, 126.500096, 401.99987200000004]",datasets/chestxray8/val/images/00028774_047.png,Cardiomegaly,"[26.54814814814815, 244.351322751323, 118.65396825396815, 398.7640211640215]"
00014738_000.png,Cardiomegaly,0.7481096252330672,0.001791,"[90.24998400000001, 110.37491200000001, 222.999808, 364.99968]",datasets/chestxray8/val/images/00014738_000.png,Cardiomegaly,"[95.356613756614, 60.1396825396825, 220.5121693121695, 350.0021164021165]"
00003072_028.png,Cardiomegaly,0.7424697039395831,0.0269165,"[3.375103999999993, 213.750272, 159.750144, 395.250176]",datasets/chestxray8/val/images/00003072_028.png,Cardiomegaly,"[12.461375661375655, 169.583068783069, 154.95449735449716, 394.42962962963]"
00028974_016.png,Cardiomegaly,0.7419073340965435,0.0124207,"[384.249856, 286.50035199999996, 472.75008, 409.50016]",datasets/chestxray8/val/images/00028974_016.png,Cardiomegaly,"[384.6772486772485, 290.946031746032, 467.0306878306875, 389.01164021164055]"
00010575_002.png,Cardiomegaly,0.7288836914145674,0.00750732,"[347.74988799999994, 302.500096, 474.249728, 367.00032]",datasets/chestxray8/val/images/00010575_002.png,Cardiomegaly,"[347.8349206349205, 295.8222222222225, 471.906878306878, 383.05185185185195]"
00013125_000.png,Atelectasis,0.7284506160767035,0.0319824,"[94.49983999999998, 182.49984, 378.99980800000003, 395.500032]",datasets/chestxray8/val/images/00013125_000.png,Atelectasis,"[84.52063492063499, 203.17460317460296, 415.5597883597885, 412.3089947089945]"
00017611_002.png,Effusion,0.7265130769507869,0.0523376,"[129.750272, 221.24979199999996, 193.00019200000003, 296.749824]",datasets/chestxray8/val/images/00017611_002.png,Effusion,"[129.489947089947, 224.84656084656098, 210.7597883597885, 299.073015873016]"
00014795_002.png,Infiltration,0.725494375379078,0.019104,"[128.624896, 270.99980800000003, 215.124736, 332.0]",datasets/chestxray8/val/images/00014795_002.png,Infiltration,"[144.66031746031746, 270.899470899471, 218.8867724867725, 337.54074074074106]"
00019058_004.png,Effusion,0.7228216957147837,0.026947,"[174.00012800000002, 233.74976, 229.250048, 293.249792]",datasets/chestxray8/val/images/00019058_004.png,Effusion,"[175.00105820105796, 229.18095238095253, 221.05396825396804, 299.614814814815]"
00013125_000.png,Atelectasis,0.7210698725900471,0.00704193,"[144.749824, 219.99974399999996, 426.749696, 409.999872]",datasets/chestxray8/val/images/00013125_000.png,Atelectasis,"[84.52063492063499, 203.17460317460296, 415.5597883597885, 412.3089947089945]"
00017199_005.png,Effusion,0.7181627398681034,0.00266457,"[387.2499456, 344.2497792, 418.2499584, 374.7497728]",datasets/chestxray8/val/images/00017199_005.png,Effusion,"[386.8444444444445, 341.3333333333335, 422.06137566137573, 378.71746031746045]"
00021009_001.png,Atelectasis,0.7179635491689711,0.11969,"[143.500288, 161.75001600000002, 405.000192, 351.75014400000003]",datasets/chestxray8/val/images/00021009_001.png,Atelectasis,"[159.18644067796598, 182.10169491525403, 389.1525423728815, 337.2203389830505]"
00000732_005.png,Atelectasis,0.7177572926563021,0.0054245,"[232.87526400000002, 230.50035200000002, 442.000128, 430.000128]",datasets/chestxray8/val/images/00000732_005.png,Atelectasis,"[213.9661016949155, 232.0, 420.0677966101695, 404.4745762711865]"
00017028_000.png,Effusion,0.7173653271222531,0.0847168,"[71.6252672, 289.49982719999997, 112.37524479999999, 327.9998208]",datasets/chestxray8/val/images/00017028_000.png,Effusion,"[72.601058201058, 289.862433862434, 111.06878306878285, 319.11957671957686]"
00004344_018.png,Atelectasis,0.7166373302012389,0.0102615,"[184.0, 183.250176, 404.49996799999997, 401.250048]",datasets/chestxray8/val/images/00004344_018.png,Atelectasis,"[195.589417989418, 196.67301587301603, 448.06772486772496, 411.76719576719603]"
00023176_017.png,Atelectasis,0.7130258430443733,0.0382385,"[145.75001600000002, 114.562816, 419.749888, 302.500096]",datasets/chestxray8/val/images/00023176_017.png,Atelectasis,"[161.45608465608453, 127.8645502645505, 428.56296296296307, 340.79153439153447]"
00025686_000.png,Cardiomegaly,0.706331949868889,0.00250244,"[308.749824, 333.999872, 464.75008, 404.49971200000005]",datasets/chestxray8/val/images/00025686_000.png,Cardiomegaly,"[298.382222222222, 335.2367447916665, 464.4977777777775, 387.5745225694445]"
00025252_032.png,Mass,0.7004678899522617,0.00290108,"[379.499776, 302.749952, 484.99993600000005, 463.74988799999994]",datasets/chestxray8/val/images/00025252_032.png,Mass,"[378.0266666666665, 340.9256336805555, 478.71999999999997, 462.098967013889]"
00016587_069.png,Effusion,0.6989930572271303,0.0264587,"[377.749888, 207.49985279999999, 413.749888, 239.2498432]",datasets/chestxray8/val/images/00016587_069.png,Effusion,"[377.6338624338625, 203.716402116402, 412.8507936507937, 232.97354497354488]"
00028774_047.png,Cardiomegaly,0.696977308111679,0.0104828,"[30.624767999999996, 244.75008000000003, 147.874816, 391.250176]",datasets/chestxray8/val/images/00028774_047.png,Cardiomegaly,"[26.54814814814815, 244.351322751323, 118.65396825396815, 398.7640211640215]"
00003072_028.png,Cardiomegaly,0.6946758887069678,0.0063324,"[6.312191999999996, 184.25011199999997, 161.49990400000002, 350.749952]",datasets/chestxray8/val/images/00003072_028.png,Cardiomegaly,"[12.461375661375655, 169.583068783069, 154.95449735449716, 394.42962962963]"
00026886_002.png,Mass,0.6917785065025706,0.00125504,"[116.37504000000001, 162.24998399999998, 224.625152, 415.749888]",datasets/chestxray8/val/images/00026886_002.png,Mass,"[112.3555555555555, 98.57896701388901, 229.5466666666665, 437.067855902778]"
00017199_005.png,Effusion,0.6912862007782933,0.0440369,"[381.74976, 343.7499392, 429.74976, 378.2499328]",datasets/chestxray8/val/images/00017199_005.png,Effusion,"[386.8444444444445, 341.3333333333335, 422.06137566137573, 378.71746031746045]"
00003072_028.png,Cardiomegaly,0.6912238010088279,0.00131798,"[27.75014399999999, 182.49984, 187.000064, 395.500032]",datasets/chestxray8/val/images/00003072_028.png,Cardiomegaly,"[12.461375661375655, 169.583068783069, 154.95449735449716, 394.42962962963]"
00025252_032.png,Mass,0.6904352323337896,0.0827026,"[383.500032, 323.74988799999994, 462.999808, 458.749952]",datasets/chestxray8/val/images/00025252_032.png,Mass,"[378.0266666666665, 340.9256336805555, 478.71999999999997, 462.098967013889]"
00013125_000.png,Atelectasis,0.6897569151534656,0.135986,"[64.0, 204.12492799999998, 348.499968, 434.000128]",datasets/chestxray8/val/images/00013125_000.png,Atelectasis,"[84.52063492063499, 203.17460317460296, 415.5597883597885, 412.3089947089945]"
00002059_008.png,Atelectasis,0.6878131700124579,0.00168037,"[203.00006399999998, 235.375104, 444.0, 379.50003200000003]",datasets/chestxray8/val/images/00002059_008.png,Atelectasis,"[187.46243386243398, 232.97354497354502, 464.863492063492, 415.0179894179895]"
00012048_007.png,Effusion,0.6871958488447865,0.00127316,"[148.250112, 182.749696, 223.24991999999997, 255.24992]",datasets/chestxray8/val/images/00012048_007.png,Effusion,"[143.5767195767195, 190.1714285714285, 217.26137566137552, 266.0232804232805]"
00017514_008.png,Atelectasis,0.6826193496686292,0.00259399,"[191.24991999999997, 241.750016, 418.749952, 410.749952]",datasets/chestxray8/val/images/00017514_008.png,Atelectasis,"[173.3756613756615, 222.67936507936503, 441.5661375661375, 390.63703703703703]"
00017028_000.png,Effusion,0.6822261089919787,0.00100517,"[75.81253120000001, 292.00002559999996, 107.1875328, 323.0000384]",datasets/chestxray8/val/images/00017028_000.png,Effusion,"[72.601058201058, 289.862433862434, 111.06878306878285, 319.11957671957686]"
00007037_000.png,Atelectasis,0.6816699523775239,0.53418,"[118.249728, 207.499776, 390.749952, 459.99974399999996]",datasets/chestxray8/val/images/00007037_000.png,Atelectasis,"[144.542372881356, 243.67909990730953, 394.5762711864405, 436.2214727886655]"
00014149_018.png,Cardiomegaly,0.6813961152709529,0.00266457,"[339.500032, 222.49984, 430.49984, 359.000064]",datasets/chestxray8/val/images/00014149_018.png,Cardiomegaly,"[329.9555555555555, 218.88677248677251, 412.85079365079355, 352.169312169312]"
00027464_033.png,Atelectasis,0.6812337913171823,0.0065918,"[181.250048, 103.062528, 373.250048, 323.250176]",datasets/chestxray8/val/images/00027464_033.png,Atelectasis,"[147.911111111111, 114.86137566137552, 407.974603174603, 312.6179894179895]"
00025686_000.png,Cardiomegaly,0.6769629870227184,0.00130177,"[328.499712, 332.24985599999997, 448.999936, 389.750016]",datasets/chestxray8/val/images/00025686_000.png,Cardiomegaly,"[298.382222222222, 335.2367447916665, 464.4977777777775, 387.5745225694445]"
00019861_010.png,Atelectasis,0.6753491331628457,0.0033493,"[168.00025599999998, 165.00019199999997, 375.500032, 360.500224]",datasets/chestxray8/val/images/00019861_010.png,Atelectasis,"[134.9079365079365, 178.79365079365104, 402.01481481481505, 377.0920634920635]"
00005532_016.png,Atelectasis,0.6747972343733394,0.568359,"[146.99980799999997, 172.250112, 384.999936, 368.24985599999997]",datasets/chestxray8/val/images/00005532_016.png,Atelectasis,"[162.9830508474575, 208.677966101695, 369.6271186440675, 378.98305084745755]"
00017611_002.png,Effusion,0.6743323496707957,0.0126038,"[135.000064, 208.874752, 204.00025599999998, 305.74976]",datasets/chestxray8/val/images/00017611_002.png,Effusion,"[129.489947089947, 224.84656084656098, 210.7597883597885, 299.073015873016]"
00019399_010.png,Cardiomegaly,0.6734627949543879,0.00402069,"[380.250112, 299.000064, 447.75014400000003, 433.000192]",datasets/chestxray8/val/images/00019399_010.png,Cardiomegaly,"[391.720634920635, 301.24021164021144, 458.36190476190507, 425.853968253968]"
00029502_006.png,Infiltration,0.6730297149927479,0.016037,"[94.062848, 307.000064, 250.000128, 389.50016]",datasets/chestxray8/val/images/00029502_006.png,Infiltration,"[110.526984126984, 294.7386243386245, 236.2243386243385, 384.13544973545004]"
00012973_005.png,Cardiomegaly,0.6717161797149199,0.00471497,"[57.750016, 86.50035200000002, 192.500224, 364.250112]",datasets/chestxray8/val/images/00012973_005.png,Cardiomegaly,"[61.2232804232805, 31.424338624338645, 201.0074074074075, 412.85079365079366]"
00016990_000.png,Atelectasis,0.6711436841491646,0.619629,"[135.24992, 218.49984, 400.249856, 412.999936]",datasets/chestxray8/val/images/00016990_000.png,Atelectasis,"[156.4745762711865, 237.71299821239398, 385.89830508474597, 388.492659229343]"
00029843_001.png,Infiltration,0.6699877294341549,0.00321198,"[140.62515199999999, 224.499968, 205.874944, 280.49996799999997]",datasets/chestxray8/val/images/00029843_001.png,Infiltration,"[128.406349206349, 224.304761904762, 193.42222222222202, 279.568253968254]"
00012270_005.png,Effusion,0.6663689031728344,0.0075264,"[377.99987200000004, 122.62502400000001, 432.999936, 180.87526400000002]",datasets/chestxray8/val/images/00012270_005.png,Effusion,"[371.674074074074, 117.57037037037048, 428.021164021164, 173.37566137566148]"
00014004_038.png,Effusion,0.6650446316460465,0.00312042,"[173.3747712, 205.12511999999998, 222.12474880000002, 256.999936]",datasets/chestxray8/val/images/00014004_038.png,Effusion,"[172.2920634920635, 198.8402116402115, 227.5555555555555, 267.648677248677]"
00023325_019.png,Atelectasis,0.6644348346268417,0.00774384,"[156.62515199999996, 119.875072, 367.00032, 327.500288]",datasets/chestxray8/val/images/00023325_019.png,Atelectasis,"[172.2033898305085, 140.3389830508475, 410.8474576271185, 315.5254237288135]"
00013249_052.png,Atelectasis,0.6609753629250366,0.00603867,"[132.250112, 192.37503999999998, 383.24992000000003, 323.00006399999995]",datasets/chestxray8/val/images/00013249_052.png,Atelectasis,"[167.41587301587302, 191.25502645502647, 428.56296296296307, 336.9989417989419]"
00021009_001.png,Atelectasis,0.6602448189865608,0.00577545,"[146.999808, 190.25024000000002, 363.50003200000003, 374.25024]",datasets/chestxray8/val/images/00021009_001.png,Atelectasis,"[159.18644067796598, 182.10169491525403, 389.1525423728815, 337.2203389830505]"
00027577_003.png,Cardiomegaly,0.6555629180048268,0.00230598,"[38.56255999999999, 102.93759999999999, 112.187648, 276.750336]",datasets/chestxray8/val/images/00027577_003.png,Cardiomegaly,"[47.13650793650795, 105.6507936507935, 115.40317460317445, 238.933333333333]"
00021796_000.png,Infiltration,0.6546217171407097,0.00140858,"[105.624832, 201.374976, 173.874944, 284.0]",datasets/chestxray8/val/images/00021796_000.png,Infiltration,"[93.55932203389848, 205.170625331038, 181.9661016949155, 295.20452363612253]"
00019373_058.png,Effusion,0.654449485374202,0.00323296,"[169.625088, 180.24985600000002, 230.374912, 244.999936]",datasets/chestxray8/val/images/00019373_058.png,Effusion,"[162.5396825396825, 165.2486772486775, 224.304761904762, 243.80952380952397]"
00004461_000.png,Atelectasis,0.647280303715172,0.00257111,"[214.749952, 193.62483200000003, 388.249856, 384.499968]",datasets/chestxray8/val/images/00004461_000.png,Atelectasis,"[164.61016949152548, 196.74576271186447, 370.7118644067795, 370.305084745763]"
00025787_039.png,Mass,0.6397160784172724,0.0197296,"[19.906304, 82.62528, 137.499904, 363.00006399999995]",datasets/chestxray8/val/images/00025787_039.png,Mass,"[43.343915343915356, 49.30370370370369, 134.90793650793637, 334.2899470899472]"
00021796_000.png,Infiltration,0.6390172039626523,0.00284386,"[94.624768, 176.500224, 187.12473599999998, 308.499968]",datasets/chestxray8/val/images/00021796_000.png,Infiltration,"[93.55932203389848, 205.170625331038, 181.9661016949155, 295.20452363612253]"
00002059_008.png,Atelectasis,0.636856443358151,0.00390053,"[147.999744, 207.25017599999998, 424.99993600000005, 405.75001599999996]",datasets/chestxray8/val/images/00002059_008.png,Atelectasis,"[187.46243386243398, 232.97354497354502, 464.863492063492, 415.0179894179895]"
00025662_006.png,Effusion,0.6360839575251757,0.00765991,"[407.2498432, 322.0002304, 437.7498368, 351.0002176]",datasets/chestxray8/val/images/00025662_006.png,Effusion,"[413.9343915343915, 319.6613756613755, 439.39894179894173, 348.3767195767193]"
00014795_002.png,Infiltration,0.6345402346120178,0.00237656,"[145.250048, 258.49984, 226.00012800000002, 325.49964800000004]",datasets/chestxray8/val/images/00014795_002.png,Infiltration,"[144.66031746031746, 270.899470899471, 218.8867724867725, 337.54074074074106]"
00028774_047.png,Cardiomegaly,0.6320542458429353,0.00138092,"[49.812224, 259.750144, 124.999936, 399.250176]",datasets/chestxray8/val/images/00028774_047.png,Cardiomegaly,"[26.54814814814815, 244.351322751323, 118.65396825396815, 398.7640211640215]"
00021009_001.png,Atelectasis,0.6320056792034744,0.003479,"[176.999936, 143.250176, 388.99967999999996, 313.00019199999997]",datasets/chestxray8/val/images/00021009_001.png,Atelectasis,"[159.18644067796598, 182.10169491525403, 389.1525423728815, 337.2203389830505]"
00014738_000.png,Cardiomegaly,0.6315325600261236,0.00704575,"[85.562624, 34.812416, 210.500352, 288.75008]",datasets/chestxray8/val/images/00014738_000.png,Cardiomegaly,"[95.356613756614, 60.1396825396825, 220.5121693121695, 350.0021164021165]"
00017178_007.png,Atelectasis,0.6305083435859397,0.00465775,"[137.75001600000002, 138.24998399999998, 363.749888, 365.249792]",datasets/chestxray8/val/images/00017178_007.png,Atelectasis,"[172.74576271186453, 150.101694915254, 395.6610169491525, 339.38983050847446]"
00023325_019.png,Atelectasis,0.6285524925893347,0.0619812,"[147.12499200000002, 123.75014399999999, 436.0, 354.000128]",datasets/chestxray8/val/images/00023325_019.png,Atelectasis,"[172.2033898305085, 140.3389830508475, 410.8474576271185, 315.5254237288135]"
00028974_016.png,Cardiomegaly,0.6281011766797809,0.00112915,"[391.749888, 254.49984, 470.74995199999995, 394.50009600000004]",datasets/chestxray8/val/images/00028974_016.png,Cardiomegaly,"[384.6772486772485, 290.946031746032, 467.0306878306875, 389.01164021164055]"
00028774_047.png,Cardiomegaly,0.6264112196773426,0.023407,"[36.187392, 260.999936, 111.68742400000001, 379.000064]",datasets/chestxray8/val/images/00028774_047.png,Cardiomegaly,"[26.54814814814815, 244.351322751323, 118.65396825396815, 398.7640211640215]"
00026886_002.png,Mass,0.6262793826597455,0.00244522,"[135.62521600000002, 102.37516799999997, 248.0, 404.0]",datasets/chestxray8/val/images/00026886_002.png,Mass,"[112.3555555555555, 98.57896701388901, 229.5466666666665, 437.067855902778]"
00027577_003.png,Cardiomegaly,0.6250892705738387,0.00419998,"[38.780927999999996, 75.18745600000001, 124.624896, 244.75008000000003]",datasets/chestxray8/val/images/00027577_003.png,Cardiomegaly,"[47.13650793650795, 105.6507936507935, 115.40317460317445, 238.933333333333]"
00020673_005.png,Infiltration,0.6246261082580189,0.0224457,"[274.99980800000003, 154.50009599999998, 427.99974399999996, 270.000128]",datasets/chestxray8/val/images/00020673_005.png,Infiltration,"[281.220338983051, 163.4079134666315, 410.847457627119, 248.560455839513]"
00017514_008.png,Atelectasis,0.6239228976651152,0.00145531,"[228.62489599999998, 229.49990400000002, 472.499712, 410.99980800000003]",datasets/chestxray8/val/images/00017514_008.png,Atelectasis,"[173.3756613756615, 222.67936507936503, 441.5661375661375, 390.63703703703703]"
00028974_016.png,Cardiomegaly,0.6224960108048677,0.00120544,"[404.499968, 297.750016, 470.49984, 400.75007999999997]",datasets/chestxray8/val/images/00028974_016.png,Cardiomegaly,"[384.6772486772485, 290.946031746032, 467.0306878306875, 389.01164021164055]"
00004344_018.png,Atelectasis,0.622256310963571,0.0022049,"[238.50009599999998, 171.62521600000002, 433.00019199999997, 386.000128]",datasets/chestxray8/val/images/00004344_018.png,Atelectasis,"[195.589417989418, 196.67301587301603, 448.06772486772496, 411.76719576719603]"
00004461_000.png,Atelectasis,0.6214800549324369,0.543945,"[140.499712, 177.24979199999996, 393.49990399999996, 404.749824]",datasets/chestxray8/val/images/00004461_000.png,Atelectasis,"[164.61016949152548, 196.74576271186447, 370.7118644067795, 370.305084745763]"
00025252_040.png,Cardiomegaly,0.6204285723402042,0.00473022,"[285.499904, 67.99974399999999, 418.500096, 282.749952]",datasets/chestxray8/val/images/00025252_040.png,Cardiomegaly,"[300.156613756614, 101.85820105820102, 431.27195767195803, 310.4507936507935]"
00019861_010.png,Atelectasis,0.619950953608197,0.00365639,"[203.624704, 202.1248, 413.99987200000004, 381.49990399999996]",datasets/chestxray8/val/images/00019861_010.png,Atelectasis,"[134.9079365079365, 178.79365079365104, 402.01481481481505, 377.0920634920635]"
00000732_005.png,Atelectasis,0.6183176422396643,0.00139713,"[158.62527999999998, 221.74975999999998, 418.500096, 440.24985599999997]",datasets/chestxray8/val/images/00000732_005.png,Atelectasis,"[213.9661016949155, 232.0, 420.0677966101695, 404.4745762711865]"
00019373_058.png,Effusion,0.6156193845181981,0.0357056,"[155.87507200000002, 187.500032, 222.375168, 247.50028799999998]",datasets/chestxray8/val/images/00019373_058.png,Effusion,"[162.5396825396825, 165.2486772486775, 224.304761904762, 243.80952380952397]"
00011925_072.png,Effusion,0.6146932859394815,0.00321198,"[188.37504, 144.499968, 271.500288, 271.250176]",datasets/chestxray8/val/images/00011925_072.png,Effusion,"[188.5866666666665, 127.0234114583335, 269.3688888888885, 329.547855902778]"
00016990_000.png,Atelectasis,0.6126733605851147,0.00199509,"[140.99993600000002, 264.24985599999997, 371.499776, 419.249664]",datasets/chestxray8/val/images/00016990_000.png,Atelectasis,"[156.4745762711865, 237.71299821239398, 385.89830508474597, 388.492659229343]"
00029579_005.png,Effusion,0.6108817403018764,0.00375938,"[295.2501248, 91.68734719999999, 337.2500992, 127.4998528]",datasets/chestxray8/val/images/00029579_005.png,Effusion,"[304.64, 94.5967447916665, 341.61777777777775, 130.4367447916665]"
00003072_028.png,Cardiomegaly,0.6094859552891703,0.00221825,"[4.312575999999993, 195.00006399999998, 134.00012800000002, 441.499904]",datasets/chestxray8/val/images/00003072_028.png,Cardiomegaly,"[12.461375661375655, 169.583068783069, 154.95449735449716, 394.42962962963]"
00011322_002.png,Atelectasis,0.609080000599993,0.00350571,"[183.12524799999997, 164.625152, 372.500224, 384.499968]",datasets/chestxray8/val/images/00011322_002.png,Atelectasis,"[173.37566137566148, 178.25185185185197, 426.9375661375665, 420.977777777778]"
00009705_000.png,Atelectasis,0.6072551599892235,0.00517654,"[162.99980799999997, 169.374976, 427.500032, 289.250048]",datasets/chestxray8/val/images/00009705_000.png,Atelectasis,"[169.04126984127004, 154.4126984126985, 440.48253968254005, 339.7079365079365]"
00021179_011.png,Effusion,0.6067172470559757,0.005867,"[47.56249600000001, 101.81273599999999, 217.49990400000002, 347.250176]",datasets/chestxray8/val/images/00021179_011.png,Effusion,"[62.29333333333349, 86.63230034722201, 239.786666666667, 420.00118923611103]"
00004461_000.png,Atelectasis,0.6058196493525989,0.00222206,"[159.87481599999998, 223.875072, 375.99974399999996, 428.499968]",datasets/chestxray8/val/images/00004461_000.png,Atelectasis,"[164.61016949152548, 196.74576271186447, 370.7118644067795, 370.305084745763]"
00029502_006.png,Cardiomegaly,0.6049370490226035,0.00372505,"[61.624832, 159.000064, 212.37503999999998, 413.000192]",datasets/chestxray8/val/images/00029502_006.png,Cardiomegaly,"[74.22645502645501, 226.4719576719575, 202.632804232804, 423.1449735449735]"
00021009_001.png,Atelectasis,0.6042553614764545,0.00287056,"[121.874944, 162.749952, 361.999872, 317.250048]",datasets/chestxray8/val/images/00021009_001.png,Atelectasis,"[159.18644067796598, 182.10169491525403, 389.1525423728815, 337.2203389830505]"
00025252_040.png,Cardiomegaly,0.5986349377496216,0.0154343,"[291.749888, 92.500224, 416.24985599999997, 392.250112]",datasets/chestxray8/val/images/00025252_040.png,Cardiomegaly,"[300.156613756614, 101.85820105820102, 431.27195767195803, 310.4507936507935]"
00014015_003.png,Cardiomegaly,0.5984243771308531,0.192749,"[34.874880000000005, 227.500032, 214.87462399999998, 293.00019199999997]",datasets/chestxray8/val/images/00014015_003.png,Cardiomegaly,"[52.62222222222199, 204.39230034722198, 190.293333333333, 293.7078559027775]"
00004968_004.png,Infiltration,0.5976091612312813,0.00479126,"[343.000064, 315.000064, 451.00032000000004, 367.500032]",datasets/chestxray8/val/images/00004968_004.png,Infiltration,"[317.01694915254257, 318.526557534428, 449.35593220339, 380.89943889036]"
00028974_016.png,Cardiomegaly,0.5949492973873898,0.00264549,"[344.00025600000004, 288.0, 462.500096, 392.500224]",datasets/chestxray8/val/images/00028974_016.png,Cardiomegaly,"[384.6772486772485, 290.946031746032, 467.0306878306875, 389.01164021164055]"
00019373_058.png,Effusion,0.5941110331062521,0.00763702,"[164.37503999999998, 173.50016, 215.625216, 229.75001600000002]",datasets/chestxray8/val/images/00019373_058.png,Effusion,"[162.5396825396825, 165.2486772486775, 224.304761904762, 243.80952380952397]"
00004968_004.png,Infiltration,0.5937483379849471,0.00602341,"[325.99987200000004, 303.250176, 436.999936, 371.750144]",datasets/chestxray8/val/images/00004968_004.png,Infiltration,"[317.01694915254257, 318.526557534428, 449.35593220339, 380.89943889036]"
00025686_000.png,Cardiomegaly,0.5929990936876,0.0129013,"[358.999808, 330.999808, 462.999808, 387.999744]",datasets/chestxray8/val/images/00025686_000.png,Cardiomegaly,"[298.382222222222, 335.2367447916665, 464.4977777777775, 387.5745225694445]"
00001373_009.png,Atelectasis,0.5907632758466925,0.00299263,"[214.99980800000003, 285.249792, 427.499776, 499.24992000000003]",datasets/chestxray8/val/images/00001373_009.png,Atelectasis,"[206.425396825397, 234.057142857143, 480.5756613756615, 484.910052910053]"
00029502_006.png,Infiltration,0.5889200481202966,0.00262642,"[98.750208, 283.000064, 240.250112, 360.000256]",datasets/chestxray8/val/images/00029502_006.png,Infiltration,"[110.526984126984, 294.7386243386245, 236.2243386243385, 384.13544973545004]"
00029502_006.png,Cardiomegaly,0.5881866193968034,0.00616455,"[59.99999999999999, 265.499648, 181.750016, 433.999872]",datasets/chestxray8/val/images/00029502_006.png,Cardiomegaly,"[74.22645502645501, 226.4719576719575, 202.632804232804, 423.1449735449735]"
00015831_008.png,Infiltration,0.5868185142435618,0.0184631,"[308.0, 288.0, 388.99993600000005, 357.00019199999997]",datasets/chestxray8/val/images/00015831_008.png,Infiltration,"[310.9925925925925, 271.44126984127, 370.048677248677, 353.25291005291]"
00014738_000.png,Cardiomegaly,0.5854614323764084,0.00131226,"[100.687616, 94.312704, 240.49996800000002, 290.750208]",datasets/chestxray8/val/images/00014738_000.png,Cardiomegaly,"[95.356613756614, 60.1396825396825, 220.5121693121695, 350.0021164021165]"
00025787_039.png,Mass,0.5844662572307865,0.04245,"[42.062591999999995, 52.00025599999999, 184.750336, 299.250176]",datasets/chestxray8/val/images/00025787_039.png,Mass,"[43.343915343915356, 49.30370370370369, 134.90793650793637, 334.2899470899472]"
00004344_018.png,Atelectasis,0.5843548609725207,0.00180912,"[266.500096, 209.750272, 428.49996799999997, 422.25023999999996]",datasets/chestxray8/val/images/00004344_018.png,Atelectasis,"[195.589417989418, 196.67301587301603, 448.06772486772496, 411.76719576719603]"
00007037_000.png,Atelectasis,0.5840281641462989,0.020401,"[152.74982400000002, 170.50009599999998, 375.74988800000006, 412.49996799999997]",datasets/chestxray8/val/images/00007037_000.png,Atelectasis,"[144.542372881356, 243.67909990730953, 394.5762711864405, 436.2214727886655]"
00021321_002.png,Mass,0.5834828923921153,0.00675583,"[91.375104, 24.656383999999996, 232.12492799999998, 126.75020799999999]",datasets/chestxray8/val/images/00021321_002.png,Mass,"[95.356613756614, 22.2137566137566, 197.214814814815, 158.2052910052911]"
00012270_005.png,Effusion,0.5808089018509728,0.109924,"[374.7500544, 130.2498816, 419.7500416, 177.7498624]",datasets/chestxray8/val/images/00012270_005.png,Effusion,"[371.674074074074, 117.57037037037048, 428.021164021164, 173.37566137566148]"
00015831_008.png,Infiltration,0.5784263563152007,0.0144958,"[304.249856, 295.749888, 369.75001599999996, 362.74969600000003]",datasets/chestxray8/val/images/00015831_008.png,Infiltration,"[310.9925925925925, 271.44126984127, 370.048677248677, 353.25291005291]"
00013125_000.png,Atelectasis,0.5782766455405821,0.00230408,"[141.750016, 206.99980800000003, 396.75008, 364.0]",datasets/chestxray8/val/images/00013125_000.png,Atelectasis,"[84.52063492063499, 203.17460317460296, 415.5597883597885, 412.3089947089945]"
00011322_002.png,Atelectasis,0.5782664377271824,0.00118732,"[235.124992, 222.99980800000003, 433.00019199999997, 412.0]",datasets/chestxray8/val/images/00011322_002.png,Atelectasis,"[173.37566137566148, 178.25185185185197, 426.9375661375665, 420.977777777778]"
00013249_052.png,Atelectasis,0.5777047413168594,0.00196266,"[151.87532799999997, 202.249728, 446.500096, 399.24992]",datasets/chestxray8/val/images/00013249_052.png,Atelectasis,"[167.41587301587302, 191.25502645502647, 428.56296296296307, 336.9989417989419]"
00013249_052.png,Atelectasis,0.5776109293752905,0.00300217,"[116.62489599999998, 223.749888, 395.500032, 340.24985599999997]",datasets/chestxray8/val/images/00013249_052.png,Atelectasis,"[167.41587301587302, 191.25502645502647, 428.56296296296307, 336.9989417989419]"
00010575_002.png,Cardiomegaly,0.5758176644614945,0.0101166,"[334.000128, 292.0, 469.00019199999997, 353.499904]",datasets/chestxray8/val/images/00010575_002.png,Cardiomegaly,"[347.8349206349205, 295.8222222222225, 471.906878306878, 383.05185185185195]"
00019089_004.png,Infiltration,0.575143043232316,0.00308037,"[319.750144, 310.000128, 417.250304, 427.00032]",datasets/chestxray8/val/images/00019089_004.png,Infiltration,"[287.18644067796606, 312.813559322034, 409.2203389830505, 405.55932203389847]"
00012261_001.png,Atelectasis,0.5736024358370149,0.00689697,"[188.499968, 196.000256, 426.99980800000003, 413.00019199999997]",datasets/chestxray8/val/images/00012261_001.png,Atelectasis,"[226.98305084745746, 216.813559322034, 493.28813559322, 426.71186440677997]"
00013337_000.png,Cardiomegaly,0.5714953413881511,0.00757217,"[41.343744, 150.12505599999997, 126.25024, 400.500224]",datasets/chestxray8/val/images/00013337_000.png,Cardiomegaly,"[30.8825396825397, 157.121693121693, 169.5830687830687, 381.426455026455]"
00009705_000.png,Atelectasis,0.5697268673498253,0.00345612,"[193.74976000000004, 193.62483200000003, 422.249728, 375.999744]",datasets/chestxray8/val/images/00009705_000.png,Atelectasis,"[169.04126984127004, 154.4126984126985, 440.48253968254005, 339.7079365079365]"
00004968_003.png,Infiltration,0.5685211797780435,0.001091,"[335.75014400000003, 348.0, 468.750336, 411.00006399999995]",datasets/chestxray8/val/images/00004968_003.png,Infiltration,"[320.271186440678, 342.390964314089, 453.69491525423746, 395.5435066869705]"
00021796_000.png,Infiltration,0.5682359402215682,0.00565338,"[97.12512000000001, 223.62521600000002, 190.375168, 318.000128]",datasets/chestxray8/val/images/00021796_000.png,Infiltration,"[93.55932203389848, 205.170625331038, 181.9661016949155, 295.20452363612253]"
00014015_003.png,Cardiomegaly,0.5671529852176246,0.00593185,"[93.62508799999999, 211.24991999999997, 197.87494399999997, 286.749952]",datasets/chestxray8/val/images/00014015_003.png,Cardiomegaly,"[52.62222222222199, 204.39230034722198, 190.293333333333, 293.7078559027775]"
00028620_000.png,Infiltration,0.5670809427357967,0.00983429,"[376.75008, 331.750144, 474.749952, 387.750144]",datasets/chestxray8/val/images/00028620_000.png,Infiltration,"[399.30582010582, 334.289947089947, 476.2412698412695, 376.00846560846554]"
00011925_072.png,Effusion,0.5643458464945909,0.00141621,"[186.749952, 126.249728, 316.749824, 349.249792]",datasets/chestxray8/val/images/00011925_072.png,Effusion,"[188.5866666666665, 127.0234114583335, 269.3688888888885, 329.547855902778]"
00019861_010.png,Atelectasis,0.563323395662998,0.015152,"[169.62508800000003, 216.125184, 436.00025600000004, 407.00032]",datasets/chestxray8/val/images/00019861_010.png,Atelectasis,"[134.9079365079365, 178.79365079365104, 402.01481481481505, 377.0920634920635]"
00012048_007.png,Effusion,0.5631681387140358,0.0639038,"[149.124864, 207.874816, 220.87500799999998, 283.24992]",datasets/chestxray8/val/images/00012048_007.png,Effusion,"[143.5767195767195, 190.1714285714285, 217.26137566137552, 266.0232804232805]"
00028330_003.png,Effusion,0.5622868024293068,0.150635,"[98.31244799999999, 188.62515199999999, 186.000128, 305.499904]",datasets/chestxray8/val/images/00028330_003.png,Effusion,"[104.56719576719598, 219.97037037037046, 177.71005291005298, 317.49417989418]"
00014015_003.png,Cardiomegaly,0.5606501986089298,0.0189362,"[36.84352, 216.62489599999998, 160.37478399999998, 304.250112]",datasets/chestxray8/val/images/00014015_003.png,Cardiomegaly,"[52.62222222222199, 204.39230034722198, 190.293333333333, 293.7078559027775]"
00014738_000.png,Cardiomegaly,0.560291977655633,0.0163879,"[105.437184, 71.37484799999999, 206.49984, 272.499712]",datasets/chestxray8/val/images/00014738_000.png,Cardiomegaly,"[95.356613756614, 60.1396825396825, 220.5121693121695, 350.0021164021165]"
00019058_004.png,Effusion,0.5590689334244661,0.00745773,"[166.749952, 243.37484800000001, 226.24998399999998, 310.249728]",datasets/chestxray8/val/images/00019058_004.png,Effusion,"[175.00105820105796, 229.18095238095253, 221.05396825396804, 299.614814814815]"
00026886_002.png,Mass,0.5585040194752866,0.00124454,"[95.25017599999998, 170.374912, 222.25024, 501.999872]",datasets/chestxray8/val/images/00026886_002.png,Mass,"[112.3555555555555, 98.57896701388901, 229.5466666666665, 437.067855902778]"
00020673_005.png,Infiltration,0.5583134485262558,0.00145149,"[299.99974399999996, 157.000192, 425.999872, 228.000256]",datasets/chestxray8/val/images/00020673_005.png,Infiltration,"[281.220338983051, 163.4079134666315, 410.847457627119, 248.560455839513]"
00017178_007.png,Atelectasis,0.5555625314560144,0.00198364,"[113.750272, 89.37472000000001, 390.25024, 327.499776]",datasets/chestxray8/val/images/00017178_007.png,Atelectasis,"[172.74576271186453, 150.101694915254, 395.6610169491525, 339.38983050847446]"
00021321_002.png,Mass,0.5543411620871282,0.0025959,"[92.749824, 37.25004799999999, 172.49996800000002, 191.625216]",datasets/chestxray8/val/images/00021321_002.png,Mass,"[95.356613756614, 22.2137566137566, 197.214814814815, 158.2052910052911]"
00005532_016.png,Atelectasis,0.5543101853999821,0.00255203,"[179.24991999999997, 149.50016, 363.24992, 347.500288]",datasets/chestxray8/val/images/00005532_016.png,Atelectasis,"[162.9830508474575, 208.677966101695, 369.6271186440675, 378.98305084745755]"
00029502_006.png,Cardiomegaly,0.5534397072067778,0.00133801,"[80.31257599999999, 194.25024000000002, 234.49984, 386.25024]",datasets/chestxray8/val/images/00029502_006.png,Cardiomegaly,"[74.22645502645501, 226.4719576719575, 202.632804232804, 423.1449735449735]"
00025252_040.png,Cardiomegaly,0.5533567174403003,0.00499725,"[295.250176, 141.50016, 404.75008, 344.750336]",datasets/chestxray8/val/images/00025252_040.png,Cardiomegaly,"[300.156613756614, 101.85820105820102, 431.27195767195803, 310.4507936507935]"
00013125_000.png,Atelectasis,0.5521220198281495,0.0305481,"[69.12512000000001, 194.74995199999998, 316.00025600000004, 379.74988799999994]",datasets/chestxray8/val/images/00013125_000.png,Atelectasis,"[84.52063492063499, 203.17460317460296, 415.5597883597885, 412.3089947089945]"
00025252_032.png,Mass,0.5501852551279236,0.0163727,"[359.000064, 358.749952, 463.500288, 448.25011199999994]",datasets/chestxray8/val/images/00025252_032.png,Mass,"[378.0266666666665, 340.9256336805555, 478.71999999999997, 462.098967013889]"
00013337_000.png,Cardiomegaly,0.5484325859769202,0.00257111,"[63.249919999999996, 136.999936, 189.250048, 350.249984]",datasets/chestxray8/val/images/00013337_000.png,Cardiomegaly,"[30.8825396825397, 157.121693121693, 169.5830687830687, 381.426455026455]"
00023325_019.png,Atelectasis,0.5471336199319443,0.00502396,"[174.24998399999998, 173.49990400000002, 425.249792, 385.499648]",datasets/chestxray8/val/images/00023325_019.png,Atelectasis,"[172.2033898305085, 140.3389830508475, 410.8474576271185, 315.5254237288135]"
00012973_005.png,Cardiomegaly,0.5470318486201304,0.00799561,"[75.06252800000001, 21.625088000000005, 182.999808, 307.000064]",datasets/chestxray8/val/images/00012973_005.png,Cardiomegaly,"[61.2232804232805, 31.424338624338645, 201.0074074074075, 412.85079365079366]"
00009705_000.png,Atelectasis,0.5467992728091422,0.0245819,"[174.49983999999998, 182.25023999999996, 464.0, 417.750272]",datasets/chestxray8/val/images/00009705_000.png,Atelectasis,"[169.04126984127004, 154.4126984126985, 440.48253968254005, 339.7079365079365]"
00023325_019.png,Atelectasis,0.5461962058778131,0.00118256,"[133.50016, 193.74975999999998, 413.50016, 338.249984]",datasets/chestxray8/val/images/00023325_019.png,Atelectasis,"[172.2033898305085, 140.3389830508475, 410.8474576271185, 315.5254237288135]"
00013337_000.png,Cardiomegaly,0.545977763645857,0.010849,"[39.500032, 76.87500800000001, 141.50016, 406.99980800000003]",datasets/chestxray8/val/images/00013337_000.png,Cardiomegaly,"[30.8825396825397, 157.121693121693, 169.5830687830687, 381.426455026455]"
00025228_005.png,Infiltration,0.5433487624502712,0.0085907,"[293.750016, 274.749952, 442.249984, 365.250048]",datasets/chestxray8/val/images/00025228_005.png,Infiltration,"[295.864406779661, 229.03503211069904, 443.3898305084745, 349.984184653072]"
00018366_029.png,Mass,0.5433026815676808,0.00798035,"[265.750272, 51.468799999999995, 403.750144, 142.62528]",datasets/chestxray8/val/images/00018366_029.png,Mass,"[297.8133333333335, 64.44563368055549, 399.0755555555555, 162.2945225694445]"
00005532_000.png,Atelectasis,0.5431546726105828,0.00501251,"[268.75007999999997, 142.749952, 431.749888, 310.999808]",datasets/chestxray8/val/images/00005532_000.png,Atelectasis,"[191.2550264550265, 131.115343915344, 429.104761904762, 338.08253968254]"
00008547_001.png,Cardiomegaly,0.5430057801886156,0.00105858,"[398.750208, 317.24979199999996, 494.750208, 414.249728]",datasets/chestxray8/val/images/00008547_001.png,Cardiomegaly,"[403.057777777778, 340.9256336805555, 474.7377777777781, 411.4678559027775]"
00016990_000.png,Atelectasis,0.541352809806074,0.00529861,"[233.250048, 227.000064, 403.24992, 409.000192]",datasets/chestxray8/val/images/00016990_000.png,Atelectasis,"[156.4745762711865, 237.71299821239398, 385.89830508474597, 388.492659229343]"
00012261_001.png,Atelectasis,0.5397442514676917,0.00951385,"[198.50009599999998, 267.999744, 494.500096, 486.49984]",datasets/chestxray8/val/images/00012261_001.png,Atelectasis,"[226.98305084745746, 216.813559322034, 493.28813559322, 426.71186440677997]"
00023176_017.png,Atelectasis,0.5395169999123045,0.00122166,"[105.75001599999999, 135.874816, 368.75008, 308.999936]",datasets/chestxray8/val/images/00023176_017.png,Atelectasis,"[161.45608465608453, 127.8645502645505, 428.56296296296307, 340.79153439153447]"
00028774_047.png,Cardiomegaly,0.5393633293350514,0.00229645,"[30.874879999999997, 281.50016, 100.87500800000001, 413.000192]",datasets/chestxray8/val/images/00028774_047.png,Cardiomegaly,"[26.54814814814815, 244.351322751323, 118.65396825396815, 398.7640211640215]"
00017178_007.png,Atelectasis,0.5393307985878528,0.0112762,"[107.24992, 156.37503999999998, 394.24998400000004, 412.49996799999997]",datasets/chestxray8/val/images/00017178_007.png,Atelectasis,"[172.74576271186453, 150.101694915254, 395.6610169491525, 339.38983050847446]"
00028974_016.png,Cardiomegaly,0.5389677923889307,0.00160313,"[414.9999104, 277.499904, 463.4999296, 391.00006399999995]",datasets/chestxray8/val/images/00028974_016.png,Cardiomegaly,"[384.6772486772485, 290.946031746032, 467.0306878306875, 389.01164021164055]"
00002578_000.png,Effusion,0.5379461926267982,0.00117397,"[391.7501184, 155.374976, 432.7501056, 189.62496]",datasets/chestxray8/val/images/00002578_000.png,Effusion,"[398.222222222222, 163.6232804232805, 437.2317460317458, 193.42222222222233]"
00028774_047.png,Cardiomegaly,0.5372084795914938,0.00330162,"[35.968768, 229.49990400000002, 112.62489599999999, 352.0]",datasets/chestxray8/val/images/00028774_047.png,Cardiomegaly,"[26.54814814814815, 244.351322751323, 118.65396825396815, 398.7640211640215]"
00014015_003.png,Cardiomegaly,0.5371298490163214,0.0163422,"[66.25024, 215.124992, 249.50016, 300.250112]",datasets/chestxray8/val/images/00014015_003.png,Cardiomegaly,"[52.62222222222199, 204.39230034722198, 190.293333333333, 293.7078559027775]"
00014149_018.png,Cardiomegaly,0.53667803832753,0.00214767,"[313.49990399999996, 263.24992, 426.49984, 352.249856]",datasets/chestxray8/val/images/00014149_018.png,Cardiomegaly,"[329.9555555555555, 218.88677248677251, 412.85079365079355, 352.169312169312]"
00003072_028.png,Cardiomegaly,0.5343086445299796,0.00147724,"[14.437375999999993, 217.250048, 117.56236799999999, 383.250176]",datasets/chestxray8/val/images/00003072_028.png,Cardiomegaly,"[12.461375661375655, 169.583068783069, 154.95449735449716, 394.42962962963]"
00027213_044.png,Mass,0.533821691630043,0.0038681,"[290.749696, 80.62489599999998, 408.749824, 339.499776]",datasets/chestxray8/val/images/00027213_044.png,Mass,"[285.297777777778, 83.21896701388903, 389.9733333333335, 489.4056336805555]"
00014015_003.png,Cardiomegaly,0.533697815995237,0.0318909,"[24.625152, 200.500224, 170.37516799999997, 323.50003200000003]",datasets/chestxray8/val/images/00014015_003.png,Cardiomegaly,"[52.62222222222199, 204.39230034722198, 190.293333333333, 293.7078559027775]"
00012048_007.png,Effusion,0.5307802843478884,0.00296402,"[138.249728, 182.25024000000002, 255.24991999999997, 272.250112]",datasets/chestxray8/val/images/00012048_007.png,Effusion,"[143.5767195767195, 190.1714285714285, 217.26137566137552, 266.0232804232805]"
00011925_072.png,Effusion,0.5269166049149482,0.0204926,"[179.750144, 111.062528, 287.00032, 269.499904]",datasets/chestxray8/val/images/00011925_072.png,Effusion,"[188.5866666666665, 127.0234114583335, 269.3688888888885, 329.547855902778]"
00027464_033.png,Atelectasis,0.5258426499612167,0.00211906,"[164.24985600000002, 85.93740799999999, 326.500096, 296.749824]",datasets/chestxray8/val/images/00027464_033.png,Atelectasis,"[147.911111111111, 114.86137566137552, 407.974603174603, 312.6179894179895]"
00015792_005.png,Effusion,0.5252491078214072,0.00893402,"[131.62480639999998, 127.87507200000002, 176.6247936, 181.12512]",datasets/chestxray8/val/images/00015792_005.png,Effusion,"[133.8243386243385, 146.827513227513, 173.37566137566125, 185.8370370370368]"
00029843_001.png,Infiltration,0.5243130014024991,0.00174427,"[134.87488000000002, 215.249664, 210.374912, 292.249856]",datasets/chestxray8/val/images/00029843_001.png,Infiltration,"[128.406349206349, 224.304761904762, 193.42222222222202, 279.568253968254]"
00022369_013.png,Cardiomegaly,0.5241386160620414,0.00266457,"[76.125184, 199.50028799999998, 136.375296, 301.00019199999997]",datasets/chestxray8/val/images/00022369_013.png,Cardiomegaly,"[83.91111111111098, 199.272300347222, 170.951111111111, 293.13896701388853]"
00012048_007.png,Effusion,0.5223232621624271,0.0088501,"[111.24992, 181.624832, 228.99967999999998, 272.499712]",datasets/chestxray8/val/images/00012048_007.png,Effusion,"[143.5767195767195, 190.1714285714285, 217.26137566137552, 266.0232804232805]"
00018366_029.png,Mass,0.5221670120355555,0.0294037,"[252.500224, 46.343936, 401.00019199999997, 174.125312]",datasets/chestxray8/val/images/00018366_029.png,Mass,"[297.8133333333335, 64.44563368055549, 399.0755555555555, 162.2945225694445]"
00012048_007.png,Effusion,0.5215680173411159,0.0211792,"[162.500352, 201.375232, 226.000128, 276.00025600000004]",datasets/chestxray8/val/images/00012048_007.png,Effusion,"[143.5767195767195, 190.1714285714285, 217.26137566137552, 266.0232804232805]"
00021009_001.png,Atelectasis,0.5212140147063401,0.011322,"[123.87507200000002, 178.374912, 412.500224, 415.50003200000003]",datasets/chestxray8/val/images/00021009_001.png,Atelectasis,"[159.18644067796598, 182.10169491525403, 389.1525423728815, 337.2203389830505]"
00004461_000.png,Atelectasis,0.5211729877420168,0.00199127,"[209.99987200000004, 227.62496, 359.000064, 403.99974399999996]",datasets/chestxray8/val/images/00004461_000.png,Atelectasis,"[164.61016949152548, 196.74576271186447, 370.7118644067795, 370.305084745763]"
00028774_047.png,Cardiomegaly,0.5204471663097171,0.0089035,"[14.437376, 220.12492799999998, 165.250048, 395.499776]",datasets/chestxray8/val/images/00028774_047.png,Cardiomegaly,"[26.54814814814815, 244.351322751323, 118.65396825396815, 398.7640211640215]"
00001373_009.png,Atelectasis,0.5199488502988215,0.0167389,"[158.37491200000002, 202.374912, 426.99980800000003, 439.50003200000003]",datasets/chestxray8/val/images/00001373_009.png,Atelectasis,"[206.425396825397, 234.057142857143, 480.5756613756615, 484.910052910053]"
00019373_058.png,Effusion,0.5192690419319367,0.00105667,"[152.625152, 149.499904, 232.375296, 225.750016]",datasets/chestxray8/val/images/00019373_058.png,Effusion,"[162.5396825396825, 165.2486772486775, 224.304761904762, 243.80952380952397]"
00025686_000.png,Cardiomegaly,0.5184119023550734,0.00852966,"[351.749888, 336.250112, 478.74995199999995, 401.25004800000005]",datasets/chestxray8/val/images/00025686_000.png,Cardiomegaly,"[298.382222222222, 335.2367447916665, 464.4977777777775, 387.5745225694445]"
00025787_039.png,Mass,0.5179804496181014,0.00145626,"[47.500288, 126.249984, 138.50009599999998, 284.250112]",datasets/chestxray8/val/images/00025787_039.png,Mass,"[43.343915343915356, 49.30370370370369, 134.90793650793637, 334.2899470899472]"
00004968_003.png,Infiltration,0.5170513755459871,0.0139313,"[307.000064, 323.50003200000003, 432.000256, 389.00019199999997]",datasets/chestxray8/val/images/00004968_003.png,Infiltration,"[320.271186440678, 342.390964314089, 453.69491525423746, 395.5435066869705]"
00029502_006.png,Cardiomegaly,0.5163794697793961,0.0402222,"[63.500288000000005, 233.75001600000002, 156.250112, 404.250112]",datasets/chestxray8/val/images/00029502_006.png,Cardiomegaly,"[74.22645502645501, 226.4719576719575, 202.632804232804, 423.1449735449735]"
00010575_002.png,Cardiomegaly,0.5158737882817209,0.0015049,"[297.999872, 276.749824, 470.000128, 371.24966400000005]",datasets/chestxray8/val/images/00010575_002.png,Cardiomegaly,"[347.8349206349205, 295.8222222222225, 471.906878306878, 383.05185185185195]"
00001534_005.png,Atelectasis,0.5149092214508081,0.00271988,"[274.25024, 203.500032, 430.750208, 370.500096]",datasets/chestxray8/val/images/00001534_005.png,Atelectasis,"[198.29841269841253, 171.20846560846553, 443.733333333333, 361.921693121693]"
00029843_001.png,Infiltration,0.5145821030346327,0.00280952,"[119.12499200000002, 201.99987199999998, 197.374976, 271.499776]",datasets/chestxray8/val/images/00029843_001.png,Infiltration,"[128.406349206349, 224.304761904762, 193.42222222222202, 279.568253968254]"
00000181_061.png,Infiltration,0.5145761608882218,0.0374756,"[89.87494400000001, 270.500096, 228.125184, 372.500224]",datasets/chestxray8/val/images/00000181_061.png,Infiltration,"[104.94915254237299, 284.3570660090045, 211.7966101694915, 411.8146931276485]"
00017611_002.png,Effusion,0.5142207349217723,0.0149536,"[144.249856, 212.749824, 201.499648, 285.250048]",datasets/chestxray8/val/images/00017611_002.png,Effusion,"[129.489947089947, 224.84656084656098, 210.7597883597885, 299.073015873016]"
00027464_033.png,Atelectasis,0.5127936637683216,0.00518036,"[223.625216, 162.749952, 415.50028799999995, 319.499776]",datasets/chestxray8/val/images/00027464_033.png,Atelectasis,"[147.911111111111, 114.86137566137552, 407.974603174603, 312.6179894179895]"
00012376_010.png,Mass,0.5123384361326693,0.00126648,"[169.750016, 68.1877248, 249.750016, 108.81272320000001]",datasets/chestxray8/val/images/00012376_010.png,Mass,"[187.448888888889, 71.841189236111, 247.18222222222252, 99.71674479166654]"
00014795_002.png,Infiltration,0.5121617748580363,0.00992584,"[138.999808, 293.24979199999996, 218.999808, 352.749824]",datasets/chestxray8/val/images/00014795_002.png,Infiltration,"[144.66031746031746, 270.899470899471, 218.8867724867725, 337.54074074074106]"
00025252_032.png,Mass,0.5115548010740709,0.0252075,"[386.49984, 350.749952, 499.000064, 511.99974399999996]",datasets/chestxray8/val/images/00025252_032.png,Mass,"[378.0266666666665, 340.9256336805555, 478.71999999999997, 462.098967013889]"
00025228_005.png,Infiltration,0.510592360167675,0.0157166,"[281.50016, 264.75007999999997, 420.000256, 342.750208]",datasets/chestxray8/val/images/00025228_005.png,Infiltration,"[295.864406779661, 229.03503211069904, 443.3898305084745, 349.984184653072]"
00000583_008.png,Infiltration,0.5060489977279312,0.0495605,"[136.000256, 208.3752448, 249.25004800000002, 254.7502592]",datasets/chestxray8/val/images/00000583_008.png,Infiltration,"[146.68800347222196, 227.147855902778, 251.9324479166665, 257.29896701388907]"
00028774_047.png,Cardiomegaly,0.505807444235601,0.00401688,"[16.125184000000004, 257.99987200000004, 109.750016, 478.49984]",datasets/chestxray8/val/images/00028774_047.png,Cardiomegaly,"[26.54814814814815, 244.351322751323, 118.65396825396815, 398.7640211640215]"
00017514_008.png,Atelectasis,0.5040976487123802,0.00182438,"[206.87488, 230.37465600000002, 426.000128, 333.99987200000004]",datasets/chestxray8/val/images/00017514_008.png,Atelectasis,"[173.3756613756615, 222.67936507936503, 441.5661375661375, 390.63703703703703]"
00027866_002.png,Infiltration,0.5040731120694689,0.00270844,"[110.375168, 288.499968, 371.00006399999995, 381.50016]",datasets/chestxray8/val/images/00027866_002.png,Infiltration,"[72.406779661017, 308.763845670021, 373.4237288135595, 416.15367617849546]"
00019089_004.png,Infiltration,0.501570571274948,0.00433731,"[333.000192, 307.749888, 404.499968, 394.74995199999995]",datasets/chestxray8/val/images/00019089_004.png,Infiltration,"[287.18644067796606, 312.813559322034, 409.2203389830505, 405.55932203389847]"
00022369_013.png,Cardiomegaly,0.5015692990796294,0.00304413,"[67.31263999999999, 182.24998399999998, 183.24992, 322.749952]",datasets/chestxray8/val/images/00022369_013.png,Cardiomegaly,"[83.91111111111098, 199.272300347222, 170.951111111111, 293.13896701388853]"
00028774_047.png,Cardiomegaly,0.5010084836182288,0.0383301,"[18.500352000000007, 158.50035200000002, 108.625152, 422.000128]",datasets/chestxray8/val/images/00028774_047.png,Cardiomegaly,"[26.54814814814815, 244.351322751323, 118.65396825396815, 398.7640211640215]"
00025252_032.png,Mass,0.5007135822797256,0.00471115,"[411.24992000000003, 323.00032, 465.74976, 462.000128]",datasets/chestxray8/val/images/00025252_032.png,Mass,"[378.0266666666665, 340.9256336805555, 478.71999999999997, 462.098967013889]"
00021321_002.png,Mass,0.5004876293002448,0.00154018,"[94.43737600000001, 55.000064, 236.749824, 179.125248]",datasets/chestxray8/val/images/00021321_002.png,Mass,"[95.356613756614, 22.2137566137566, 197.214814814815, 158.2052910052911]"
