Split,File,Type,Status,Details
train,00000013_016.txt,Empty Label File,WARN,Label file has 0 bytes (No bounding box)
train,00000031_000.txt,Empty Label File,WARN,Label file has 0 bytes (No bounding box)
train,00000035_001.txt,Empty Label File,WARN,Label file has 0 bytes (No bounding box)
train,00000038_005.txt,Empty Label File,WARN,Label file has 0 bytes (No bounding box)
train,00000032_008.txt,Empty Label File,WARN,Label file has 0 bytes (No bounding box)
train,00000023_000.txt,Empty Label File,WARN,Label file has 0 bytes (No bounding box)
train,00000038_004.txt,Empty Label File,WARN,Label file has 0 bytes (No bounding box)
train,00000042_002.txt,Empty Label File,WARN,Label file has 0 bytes (No bounding box)
train,00000006_000.txt,Empty Label File,WARN,Label file has 0 bytes (No bounding box)
train,00000047_000.txt,Empty Label File,WARN,Label file has 0 bytes (No bounding box)
train,00000013_014.txt,Empty Label File,WARN,Label file has 0 bytes (No bounding box)
train,00000039_000.txt,Empty Label File,WARN,Label file has 0 bytes (No bounding box)
train,00000023_003.txt,Empty Label File,WARN,Label file has 0 bytes (No bounding box)
train,00000035_000.txt,Empty Label File,WARN,Label file has 0 bytes (No bounding box)
train,00000038_002.txt,Empty Label File,WARN,Label file has 0 bytes (No bounding box)
train,00000032_010.txt,Empty Label File,WARN,Label file has 0 bytes (No bounding box)
train,00000005_004.txt,Empty Label File,WARN,Label file has 0 bytes (No bounding box)
train,00000040_002.txt,Empty Label File,WARN,Label file has 0 bytes (No bounding box)
train,00000005_000.txt,Empty Label File,WARN,Label file has 0 bytes (No bounding box)
train,00000032_002.txt,Empty Label File,WARN,Label file has 0 bytes (No bounding box)
train,00000013_008.txt,Empty Label File,WARN,Label file has 0 bytes (No bounding box)
train,00000046_000.txt,Empty Label File,WARN,Label file has 0 bytes (No bounding box)
train,00000011_001.txt,Empty Label File,WARN,Label file has 0 bytes (No bounding box)
train,00000016_000.txt,Empty Label File,WARN,Label file has 0 bytes (No bounding box)
train,00000038_007.txt,Empty Label File,WARN,Label file has 0 bytes (No bounding box)
train,00000013_017.txt,Empty Label File,WARN,Label file has 0 bytes (No bounding box)
train,00000040_000.txt,Empty Label File,WARN,Label file has 0 bytes (No bounding box)
train,00000032_019.txt,Empty Label File,WARN,Label file has 0 bytes (No bounding box)
train,00000039_001.txt,Empty Label File,WARN,Label file has 0 bytes (No bounding box)
train,00000032_042.txt,Empty Label File,WARN,Label file has 0 bytes (No bounding box)
train,00000042_001.txt,Empty Label File,WARN,Label file has 0 bytes (No bounding box)
train,00000032_046.txt,Empty Label File,WARN,Label file has 0 bytes (No bounding box)
train,00000037_000.txt,Empty Label File,WARN,Label file has 0 bytes (No bounding box)
train,00000032_049.txt,Empty Label File,WARN,Label file has 0 bytes (No bounding box)
train,00000032_048.txt,Empty Label File,WARN,Label file has 0 bytes (No bounding box)
train,00000032_005.txt,Empty Label File,WARN,Label file has 0 bytes (No bounding box)
train,00000032_020.txt,Empty Label File,WARN,Label file has 0 bytes (No bounding box)
train,00000011_002.txt,Empty Label File,WARN,Label file has 0 bytes (No bounding box)
train,00000042_003.txt,Empty Label File,WARN,Label file has 0 bytes (No bounding box)
train,00000017_001.txt,Empty Label File,WARN,Label file has 0 bytes (No bounding box)
train,00000011_004.txt,Empty Label File,WARN,Label file has 0 bytes (No bounding box)
train,00000042_008.txt,Empty Label File,WARN,Label file has 0 bytes (No bounding box)
train,00000041_004.txt,Empty Label File,WARN,Label file has 0 bytes (No bounding box)
train,00000013_019.txt,Empty Label File,WARN,Label file has 0 bytes (No bounding box)
train,00000039_003.txt,Empty Label File,WARN,Label file has 0 bytes (No bounding box)
train,00000034_001.txt,Empty Label File,WARN,Label file has 0 bytes (No bounding box)
train,00000008_001.txt,Empty Label File,WARN,Label file has 0 bytes (No bounding box)
train,00000014_000.txt,Empty Label File,WARN,Label file has 0 bytes (No bounding box)
train,00000042_005.txt,Empty Label File,WARN,Label file has 0 bytes (No bounding box)
train,00000013_038.txt,Empty Label File,WARN,Label file has 0 bytes (No bounding box)
train,00000032_003.txt,Empty Label File,WARN,Label file has 0 bytes (No bounding box)
train,00000023_001.txt,Empty Label File,WARN,Label file has 0 bytes (No bounding box)
train,00000002_000.txt,Empty Label File,WARN,Label file has 0 bytes (No bounding box)
train,00000042_000.txt,Empty Label File,WARN,Label file has 0 bytes (No bounding box)
train,00000013_000.txt,Empty Label File,WARN,Label file has 0 bytes (No bounding box)
train,00000011_003.txt,Empty Label File,WARN,Label file has 0 bytes (No bounding box)
train,00000017_002.txt,Empty Label File,WARN,Label file has 0 bytes (No bounding box)
train,00000032_022.txt,Empty Label File,WARN,Label file has 0 bytes (No bounding box)
train,00000005_001.txt,Empty Label File,WARN,Label file has 0 bytes (No bounding box)
train,00000011_008.txt,Empty Label File,WARN,Label file has 0 bytes (No bounding box)
train,00000047_002.txt,Empty Label File,WARN,Label file has 0 bytes (No bounding box)
train,00000015_000.txt,Empty Label File,WARN,Label file has 0 bytes (No bounding box)
train,00000032_009.txt,Empty Label File,WARN,Label file has 0 bytes (No bounding box)
train,00000042_007.txt,Empty Label File,WARN,Label file has 0 bytes (No bounding box)
train,00000032_025.txt,Empty Label File,WARN,Label file has 0 bytes (No bounding box)
train,00000005_005.txt,Empty Label File,WARN,Label file has 0 bytes (No bounding box)
train,00000039_002.txt,Empty Label File,WARN,Label file has 0 bytes (No bounding box)
train,00000032_051.txt,Empty Label File,WARN,Label file has 0 bytes (No bounding box)
train,00000042_004.txt,Empty Label File,WARN,Label file has 0 bytes (No bounding box)
train,00000005_002.txt,Empty Label File,WARN,Label file has 0 bytes (No bounding box)
train,00000029_000.txt,Empty Label File,WARN,Label file has 0 bytes (No bounding box)
train,00000022_000.txt,Empty Label File,WARN,Label file has 0 bytes (No bounding box)
train,00000007_000.txt,Empty Label File,WARN,Label file has 0 bytes (No bounding box)
train,00000041_003.txt,Empty Label File,WARN,Label file has 0 bytes (No bounding box)
train,00000005_003.txt,Empty Label File,WARN,Label file has 0 bytes (No bounding box)
train,00000013_015.txt,Empty Label File,WARN,Label file has 0 bytes (No bounding box)
train,00000018_000.txt,Empty Label File,WARN,Label file has 0 bytes (No bounding box)
train,00000047_001.txt,Empty Label File,WARN,Label file has 0 bytes (No bounding box)
val,00000048_000.txt,Empty Label File,WARN,Label file has 0 bytes (No bounding box)
val,00000054_009.txt,Empty Label File,WARN,Label file has 0 bytes (No bounding box)
val,00000047_007.txt,Empty Label File,WARN,Label file has 0 bytes (No bounding box)
val,00000049_001.txt,Empty Label File,WARN,Label file has 0 bytes (No bounding box)
val,00000050_000.txt,Empty Label File,WARN,Label file has 0 bytes (No bounding box)
val,00000050_001.txt,Empty Label File,WARN,Label file has 0 bytes (No bounding box)
val,00000052_001.txt,Empty Label File,WARN,Label file has 0 bytes (No bounding box)
val,00000049_002.txt,Empty Label File,WARN,Label file has 0 bytes (No bounding box)
val,00000054_002.txt,Empty Label File,WARN,Label file has 0 bytes (No bounding box)
val,00000050_002.txt,Empty Label File,WARN,Label file has 0 bytes (No bounding box)
val,00000054_001.txt,Empty Label File,WARN,Label file has 0 bytes (No bounding box)
val,00000052_000.txt,Empty Label File,WARN,Label file has 0 bytes (No bounding box)
val,00000054_005.txt,Empty Label File,WARN,Label file has 0 bytes (No bounding box)
val,00000054_003.txt,Empty Label File,WARN,Label file has 0 bytes (No bounding box)
val,00000054_004.txt,Empty Label File,WARN,Label file has 0 bytes (No bounding box)
val,00000050_003.txt,Empty Label File,WARN,Label file has 0 bytes (No bounding box)
val,00000047_005.txt,Empty Label File,WARN,Label file has 0 bytes (No bounding box)
val,00000054_008.txt,Empty Label File,WARN,Label file has 0 bytes (No bounding box)
val,00000054_007.txt,Empty Label File,WARN,Label file has 0 bytes (No bounding box)
val,00000055_000.txt,Empty Label File,WARN,Label file has 0 bytes (No bounding box)
