Timestamp,GPU_Name,GPU_Util_Percent,Memory_Util_Percent,Memory_Used_MB,Memory_Total_MB,Temperature_C
2026/10/07 01:32:42.694,Tesla T4,0.0,0.0,3.0,15360.0,46.0
2026/10/07 02:16:24.418,Tesla T4,35.0,4.0,3.0,15360.0,74.0
2026/10/10 10:13:34.127,Tesla T4,0.0,0.0,3.0,15360.0,47.0
2026/10/10 11:02:27.448,Tesla T4,0.0,0.0,3.0,15360.0,72.0
2026/10/10 11:02:37.320,Tesla T4,0.0,0.0,3.0,15360.0,68.0
2026/10/10 11:51:36.946,Tesla T4,0.0,0.0,3.0,15360.0,72.0
2026/10/10 11:51:46.172,Tesla T4,0.0,0.0,3.0,15360.0,68.0
2026/10/10 12:40:12.745,Tesla T4,0.0,0.0,3.0,15360.0,71.0
2026/10/10 12:40:23.066,Tesla T4,0.0,0.0,3.0,15360.0,67.0
2026/10/10 13:28:41.923,Tesla T4,0.0,0.0,3.0,15360.0,72.0
